ISO-10303-21;
HEADER;
FILE_DESCRIPTION(('Open CASCADE Model'),'2;1');
FILE_NAME('Open CASCADE Shape Model','2026-06-09T12:03:02',('Author'),(
    'Open CASCADE'),'Open CASCADE STEP processor 7.8','Open CASCADE 7.8'
  ,'Unknown');
FILE_SCHEMA(('AUTOMOTIVE_DESIGN { 1 0 10303 214 1 1 1 1 }'));
ENDSEC;
DATA;
#1 = APPLICATION_PROTOCOL_DEFINITION('international standard',
  'automotive_design',2000,#2);
#2 = APPLICATION_CONTEXT(
  'core data for automotive mechanical design processes');
#3 = SHAPE_DEFINITION_REPRESENTATION(#4,#10);
#4 = PRODUCT_DEFINITION_SHAPE('','',#5);
#5 = PRODUCT_DEFINITION('design','',#6,#9);
#6 = PRODUCT_DEFINITION_FORMATION('','',#7);
#7 = PRODUCT('Open CASCADE STEP translator 7.8 2',
  'Open CASCADE STEP translator 7.8 2','',(#8));
#8 = PRODUCT_CONTEXT('',#2,'mechanical');
#9 = PRODUCT_DEFINITION_CONTEXT('part definition',#2,'design');
#10 = ADVANCED_BREP_SHAPE_REPRESENTATION('',(#11,#15),#1708);
#11 = AXIS2_PLACEMENT_3D('',#12,#13,#14);
#12 = CARTESIAN_POINT('',(0.,0.,0.));
#13 = DIRECTION('',(0.,0.,1.));
#14 = DIRECTION('',(1.,0.,-0.));
#15 = MANIFOLD_SOLID_BREP('',#16);
#16 = CLOSED_SHELL('',(#17,#135,#356,#404,#586,#671,#1023,#1050,#1077,
    #1157,#1216,#1243,#1583,#1616,#1698,#1704));
#17 = ADVANCED_FACE('',(#18),#32,.F.);
#18 = FACE_BOUND('',#19,.F.);
#19 = EDGE_LOOP('',(#20,#55,#83,#111));
#20 = ORIENTED_EDGE('',*,*,#21,.F.);
#21 = EDGE_CURVE('',#22,#24,#26,.T.);
#22 = VERTEX_POINT('',#23);
#23 = CARTESIAN_POINT('',(-17.,0.,29.444863728671));
#24 = VERTEX_POINT('',#25);
#25 = CARTESIAN_POINT('',(-23.83297442655,0.,3.943856001941));
#26 = SURFACE_CURVE('',#27,(#31,#43),.PCURVE_S1.);
#27 = LINE('',#28,#29);
#28 = CARTESIAN_POINT('',(-17.,0.,29.444863728671));
#29 = VECTOR('',#30,1.);
#30 = DIRECTION('',(-0.258819045103,0.,-0.965925826289));
#31 = PCURVE('',#32,#37);
#32 = PLANE('',#33);
#33 = AXIS2_PLACEMENT_3D('',#34,#35,#36);
#34 = CARTESIAN_POINT('',(-17.,0.,29.444863728671));
#35 = DIRECTION('',(0.965925826289,0.,-0.258819045103));
#36 = DIRECTION('',(-0.258819045103,0.,-0.965925826289));
#37 = DEFINITIONAL_REPRESENTATION('',(#38),#42);
#38 = LINE('',#39,#40);
#39 = CARTESIAN_POINT('',(0.,0.));
#40 = VECTOR('',#41,1.);
#41 = DIRECTION('',(1.,0.));
#42 = ( GEOMETRIC_REPRESENTATION_CONTEXT(2) 
PARAMETRIC_REPRESENTATION_CONTEXT() REPRESENTATION_CONTEXT('2D SPACE',''
  ) );
#43 = PCURVE('',#44,#49);
#44 = PLANE('',#45);
#45 = AXIS2_PLACEMENT_3D('',#46,#47,#48);
#46 = CARTESIAN_POINT('',(7.91915306064E-17,0.,-1.319351017548E-15));
#47 = DIRECTION('',(0.,-1.,-0.));
#48 = DIRECTION('',(0.866025403784,0.,0.5));
#49 = DEFINITIONAL_REPRESENTATION('',(#50),#54);
#50 = LINE('',#51,#52);
#51 = CARTESIAN_POINT('',(1.7763568394E-15,34.));
#52 = VECTOR('',#53,1.);
#53 = DIRECTION('',(-0.707106781187,-0.707106781187));
#54 = ( GEOMETRIC_REPRESENTATION_CONTEXT(2) 
PARAMETRIC_REPRESENTATION_CONTEXT() REPRESENTATION_CONTEXT('2D SPACE',''
  ) );
#55 = ORIENTED_EDGE('',*,*,#56,.T.);
#56 = EDGE_CURVE('',#22,#57,#59,.T.);
#57 = VERTEX_POINT('',#58);
#58 = CARTESIAN_POINT('',(-17.,-46.,29.444863728671));
#59 = SURFACE_CURVE('',#60,(#64,#71),.PCURVE_S1.);
#60 = LINE('',#61,#62);
#61 = CARTESIAN_POINT('',(-17.,0.,29.444863728671));
#62 = VECTOR('',#63,1.);
#63 = DIRECTION('',(-0.,-1.,0.));
#64 = PCURVE('',#32,#65);
#65 = DEFINITIONAL_REPRESENTATION('',(#66),#70);
#66 = LINE('',#67,#68);
#67 = CARTESIAN_POINT('',(0.,0.));
#68 = VECTOR('',#69,1.);
#69 = DIRECTION('',(-0.,-1.));
#70 = ( GEOMETRIC_REPRESENTATION_CONTEXT(2) 
PARAMETRIC_REPRESENTATION_CONTEXT() REPRESENTATION_CONTEXT('2D SPACE',''
  ) );
#71 = PCURVE('',#72,#77);
#72 = PLANE('',#73);
#73 = AXIS2_PLACEMENT_3D('',#74,#75,#76);
#74 = CARTESIAN_POINT('',(29.444863728671,0.,17.));
#75 = DIRECTION('',(-0.258819045103,0.,-0.965925826289));
#76 = DIRECTION('',(-0.965925826289,0.,0.258819045103));
#77 = DEFINITIONAL_REPRESENTATION('',(#78),#82);
#78 = LINE('',#79,#80);
#79 = CARTESIAN_POINT('',(48.083261120685,0.));
#80 = VECTOR('',#81,1.);
#81 = DIRECTION('',(0.,-1.));
#82 = ( GEOMETRIC_REPRESENTATION_CONTEXT(2) 
PARAMETRIC_REPRESENTATION_CONTEXT() REPRESENTATION_CONTEXT('2D SPACE',''
  ) );
#83 = ORIENTED_EDGE('',*,*,#84,.T.);
#84 = EDGE_CURVE('',#57,#85,#87,.T.);
#85 = VERTEX_POINT('',#86);
#86 = CARTESIAN_POINT('',(-23.83297442655,-46.,3.943856001941));
#87 = SURFACE_CURVE('',#88,(#92,#99),.PCURVE_S1.);
#88 = LINE('',#89,#90);
#89 = CARTESIAN_POINT('',(-17.,-46.,29.444863728671));
#90 = VECTOR('',#91,1.);
#91 = DIRECTION('',(-0.258819045103,0.,-0.965925826289));
#92 = PCURVE('',#32,#93);
#93 = DEFINITIONAL_REPRESENTATION('',(#94),#98);
#94 = LINE('',#95,#96);
#95 = CARTESIAN_POINT('',(-0.,-46.));
#96 = VECTOR('',#97,1.);
#97 = DIRECTION('',(1.,0.));
#98 = ( GEOMETRIC_REPRESENTATION_CONTEXT(2) 
PARAMETRIC_REPRESENTATION_CONTEXT() REPRESENTATION_CONTEXT('2D SPACE',''
  ) );
#99 = PCURVE('',#100,#105);
#100 = PLANE('',#101);
#101 = AXIS2_PLACEMENT_3D('',#102,#103,#104);
#102 = CARTESIAN_POINT('',(7.91915306064E-17,-46.,-1.319351017548E-15));
#103 = DIRECTION('',(0.,-1.,-0.));
#104 = DIRECTION('',(0.866025403784,0.,0.5));
#105 = DEFINITIONAL_REPRESENTATION('',(#106),#110);
#106 = LINE('',#107,#108);
#107 = CARTESIAN_POINT('',(1.7763568394E-15,34.));
#108 = VECTOR('',#109,1.);
#109 = DIRECTION('',(-0.707106781187,-0.707106781187));
#110 = ( GEOMETRIC_REPRESENTATION_CONTEXT(2) 
PARAMETRIC_REPRESENTATION_CONTEXT() REPRESENTATION_CONTEXT('2D SPACE',''
  ) );
#111 = ORIENTED_EDGE('',*,*,#112,.F.);
#112 = EDGE_CURVE('',#24,#85,#113,.T.);
#113 = SURFACE_CURVE('',#114,(#118,#124),.PCURVE_S1.);
#114 = LINE('',#115,#116);
#115 = CARTESIAN_POINT('',(-23.83297442655,0.,3.943856001941));
#116 = VECTOR('',#117,1.);
#117 = DIRECTION('',(0.,-1.,0.));
#118 = PCURVE('',#32,#119);
#119 = DEFINITIONAL_REPRESENTATION('',(#120),#123);
#120 = B_SPLINE_CURVE_WITH_KNOTS('',1,(#121,#122),.UNSPECIFIED.,.F.,.F.,
  (2,2),(-6.E-07,50.6),.PIECEWISE_BEZIER_KNOTS.);
#121 = CARTESIAN_POINT('',(26.400585875937,6.E-07));
#122 = CARTESIAN_POINT('',(26.400585875937,-50.6));
#123 = ( GEOMETRIC_REPRESENTATION_CONTEXT(2) 
PARAMETRIC_REPRESENTATION_CONTEXT() REPRESENTATION_CONTEXT('2D SPACE',''
  ) );
#124 = PCURVE('',#125,#130);
#125 = CYLINDRICAL_SURFACE('',#126,4.5);
#126 = AXIS2_PLACEMENT_3D('',#127,#128,#129);
#127 = CARTESIAN_POINT('',(-26.,0.,0.));
#128 = DIRECTION('',(0.,-1.,0.));
#129 = DIRECTION('',(1.,0.,0.));
#130 = DEFINITIONAL_REPRESENTATION('',(#131),#134);
#131 = B_SPLINE_CURVE_WITH_KNOTS('',1,(#132,#133),.UNSPECIFIED.,.F.,.F.,
  (2,2),(0.,46.),.PIECEWISE_BEZIER_KNOTS.);
#132 = CARTESIAN_POINT('',(7.351546394564,0.));
#133 = CARTESIAN_POINT('',(7.351546394564,46.));
#134 = ( GEOMETRIC_REPRESENTATION_CONTEXT(2) 
PARAMETRIC_REPRESENTATION_CONTEXT() REPRESENTATION_CONTEXT('2D SPACE',''
  ) );
#135 = ADVANCED_FACE('',(#136,#325),#44,.F.);
#136 = FACE_BOUND('',#137,.F.);
#137 = EDGE_LOOP('',(#138,#169,#190,#191,#215,#243,#271,#299));
#138 = ORIENTED_EDGE('',*,*,#139,.F.);
#139 = EDGE_CURVE('',#140,#142,#144,.T.);
#140 = VERTEX_POINT('',#141);
#141 = CARTESIAN_POINT('',(8.50100772673,0.,22.611889302114));
#142 = VERTEX_POINT('',#143);
#143 = CARTESIAN_POINT('',(16.943856001941,0.,20.349634924953));
#144 = SURFACE_CURVE('',#145,(#150,#157),.PCURVE_S1.);
#145 = CIRCLE('',#146,4.5);
#146 = AXIS2_PLACEMENT_3D('',#147,#148,#149);
#147 = CARTESIAN_POINT('',(13.,0.,22.516660498395));
#148 = DIRECTION('',(-0.,-1.,0.));
#149 = DIRECTION('',(-0.999776060727,0.,2.116195638184E-02));
#150 = PCURVE('',#44,#151);
#151 = DEFINITIONAL_REPRESENTATION('',(#152),#156);
#152 = CIRCLE('',#153,4.5);
#153 = AXIS2_PLACEMENT_2D('',#154,#155);
#154 = CARTESIAN_POINT('',(22.516660498395,13.));
#155 = DIRECTION('',(-0.855250488494,0.518214822184));
#156 = ( GEOMETRIC_REPRESENTATION_CONTEXT(2) 
PARAMETRIC_REPRESENTATION_CONTEXT() REPRESENTATION_CONTEXT('2D SPACE',''
  ) );
#157 = PCURVE('',#158,#163);
#158 = CYLINDRICAL_SURFACE('',#159,4.5);
#159 = AXIS2_PLACEMENT_3D('',#160,#161,#162);
#160 = CARTESIAN_POINT('',(13.,0.,22.516660498395));
#161 = DIRECTION('',(0.,-1.,-0.));
#162 = DIRECTION('',(-0.5,0.,-0.866025403784));
#163 = DEFINITIONAL_REPRESENTATION('',(#164),#168);
#164 = LINE('',#165,#166);
#165 = CARTESIAN_POINT('',(5.214824219795,0.));
#166 = VECTOR('',#167,1.);
#167 = DIRECTION('',(1.,0.));
#168 = ( GEOMETRIC_REPRESENTATION_CONTEXT(2) 
PARAMETRIC_REPRESENTATION_CONTEXT() REPRESENTATION_CONTEXT('2D SPACE',''
  ) );
#169 = ORIENTED_EDGE('',*,*,#170,.T.);
#170 = EDGE_CURVE('',#140,#22,#171,.T.);
#171 = SURFACE_CURVE('',#172,(#176,#183),.PCURVE_S1.);
#172 = LINE('',#173,#174);
#173 = CARTESIAN_POINT('',(29.444863728671,0.,17.));
#174 = VECTOR('',#175,1.);
#175 = DIRECTION('',(-0.965925826289,0.,0.258819045103));
#176 = PCURVE('',#44,#177);
#177 = DEFINITIONAL_REPRESENTATION('',(#178),#182);
#178 = LINE('',#179,#180);
#179 = CARTESIAN_POINT('',(34.,-1.24344978758E-14));
#180 = VECTOR('',#181,1.);
#181 = DIRECTION('',(-0.707106781187,0.707106781187));
#182 = ( GEOMETRIC_REPRESENTATION_CONTEXT(2) 
PARAMETRIC_REPRESENTATION_CONTEXT() REPRESENTATION_CONTEXT('2D SPACE',''
  ) );
#183 = PCURVE('',#72,#184);
#184 = DEFINITIONAL_REPRESENTATION('',(#185),#189);
#185 = LINE('',#186,#187);
#186 = CARTESIAN_POINT('',(0.,0.));
#187 = VECTOR('',#188,1.);
#188 = DIRECTION('',(1.,0.));
#189 = ( GEOMETRIC_REPRESENTATION_CONTEXT(2) 
PARAMETRIC_REPRESENTATION_CONTEXT() REPRESENTATION_CONTEXT('2D SPACE',''
  ) );
#190 = ORIENTED_EDGE('',*,*,#21,.T.);
#191 = ORIENTED_EDGE('',*,*,#192,.F.);
#192 = EDGE_CURVE('',#193,#24,#195,.T.);
#193 = VERTEX_POINT('',#194);
#194 = CARTESIAN_POINT('',(-26.09522880371,0.,-4.49899227327));
#195 = SURFACE_CURVE('',#196,(#201,#208),.PCURVE_S1.);
#196 = CIRCLE('',#197,4.5);
#197 = AXIS2_PLACEMENT_3D('',#198,#199,#200);
#198 = CARTESIAN_POINT('',(-26.,0.,0.));
#199 = DIRECTION('',(0.,-1.,-0.));
#200 = DIRECTION('',(-2.116195638186E-02,0.,-0.999776060727));
#201 = PCURVE('',#44,#202);
#202 = DEFINITIONAL_REPRESENTATION('',(#203),#207);
#203 = CIRCLE('',#204,4.5);
#204 = AXIS2_PLACEMENT_2D('',#205,#206);
#205 = CARTESIAN_POINT('',(-22.51666049839,13.));
#206 = DIRECTION('',(-0.518214822184,-0.855250488494));
#207 = ( GEOMETRIC_REPRESENTATION_CONTEXT(2) 
PARAMETRIC_REPRESENTATION_CONTEXT() REPRESENTATION_CONTEXT('2D SPACE',''
  ) );
#208 = PCURVE('',#125,#209);
#209 = DEFINITIONAL_REPRESENTATION('',(#210),#214);
#210 = LINE('',#211,#212);
#211 = CARTESIAN_POINT('',(4.691225444197,0.));
#212 = VECTOR('',#213,1.);
#213 = DIRECTION('',(1.,0.));
#214 = ( GEOMETRIC_REPRESENTATION_CONTEXT(2) 
PARAMETRIC_REPRESENTATION_CONTEXT() REPRESENTATION_CONTEXT('2D SPACE',''
  ) );
#215 = ORIENTED_EDGE('',*,*,#216,.T.);
#216 = EDGE_CURVE('',#193,#217,#219,.T.);
#217 = VERTEX_POINT('',#218);
#218 = CARTESIAN_POINT('',(-29.44486372867,0.,-17.));
#219 = SURFACE_CURVE('',#220,(#224,#231),.PCURVE_S1.);
#220 = LINE('',#221,#222);
#221 = CARTESIAN_POINT('',(-17.,0.,29.444863728671));
#222 = VECTOR('',#223,1.);
#223 = DIRECTION('',(-0.258819045103,0.,-0.965925826289));
#224 = PCURVE('',#44,#225);
#225 = DEFINITIONAL_REPRESENTATION('',(#226),#230);
#226 = LINE('',#227,#228);
#227 = CARTESIAN_POINT('',(1.7763568394E-15,34.));
#228 = VECTOR('',#229,1.);
#229 = DIRECTION('',(-0.707106781187,-0.707106781187));
#230 = ( GEOMETRIC_REPRESENTATION_CONTEXT(2) 
PARAMETRIC_REPRESENTATION_CONTEXT() REPRESENTATION_CONTEXT('2D SPACE',''
  ) );
#231 = PCURVE('',#232,#237);
#232 = PLANE('',#233);
#233 = AXIS2_PLACEMENT_3D('',#234,#235,#236);
#234 = CARTESIAN_POINT('',(-17.,0.,29.444863728671));
#235 = DIRECTION('',(0.965925826289,0.,-0.258819045103));
#236 = DIRECTION('',(-0.258819045103,0.,-0.965925826289));
#237 = DEFINITIONAL_REPRESENTATION('',(#238),#242);
#238 = LINE('',#239,#240);
#239 = CARTESIAN_POINT('',(0.,0.));
#240 = VECTOR('',#241,1.);
#241 = DIRECTION('',(1.,0.));
#242 = ( GEOMETRIC_REPRESENTATION_CONTEXT(2) 
PARAMETRIC_REPRESENTATION_CONTEXT() REPRESENTATION_CONTEXT('2D SPACE',''
  ) );
#243 = ORIENTED_EDGE('',*,*,#244,.T.);
#244 = EDGE_CURVE('',#217,#245,#247,.T.);
#245 = VERTEX_POINT('',#246);
#246 = CARTESIAN_POINT('',(17.,0.,-29.44486372867));
#247 = SURFACE_CURVE('',#248,(#252,#259),.PCURVE_S1.);
#248 = LINE('',#249,#250);
#249 = CARTESIAN_POINT('',(-29.44486372867,0.,-17.));
#250 = VECTOR('',#251,1.);
#251 = DIRECTION('',(0.965925826289,0.,-0.258819045103));
#252 = PCURVE('',#44,#253);
#253 = DEFINITIONAL_REPRESENTATION('',(#254),#258);
#254 = LINE('',#255,#256);
#255 = CARTESIAN_POINT('',(-34.,7.105427357601E-15));
#256 = VECTOR('',#257,1.);
#257 = DIRECTION('',(0.707106781187,-0.707106781187));
#258 = ( GEOMETRIC_REPRESENTATION_CONTEXT(2) 
PARAMETRIC_REPRESENTATION_CONTEXT() REPRESENTATION_CONTEXT('2D SPACE',''
  ) );
#259 = PCURVE('',#260,#265);
#260 = PLANE('',#261);
#261 = AXIS2_PLACEMENT_3D('',#262,#263,#264);
#262 = CARTESIAN_POINT('',(-29.44486372867,0.,-17.));
#263 = DIRECTION('',(0.258819045103,0.,0.965925826289));
#264 = DIRECTION('',(0.965925826289,0.,-0.258819045103));
#265 = DEFINITIONAL_REPRESENTATION('',(#266),#270);
#266 = LINE('',#267,#268);
#267 = CARTESIAN_POINT('',(0.,0.));
#268 = VECTOR('',#269,1.);
#269 = DIRECTION('',(1.,0.));
#270 = ( GEOMETRIC_REPRESENTATION_CONTEXT(2) 
PARAMETRIC_REPRESENTATION_CONTEXT() REPRESENTATION_CONTEXT('2D SPACE',''
  ) );
#271 = ORIENTED_EDGE('',*,*,#272,.T.);
#272 = EDGE_CURVE('',#245,#273,#275,.T.);
#273 = VERTEX_POINT('',#274);
#274 = CARTESIAN_POINT('',(29.444863728671,0.,17.));
#275 = SURFACE_CURVE('',#276,(#280,#287),.PCURVE_S1.);
#276 = LINE('',#277,#278);
#277 = CARTESIAN_POINT('',(17.,0.,-29.44486372867));
#278 = VECTOR('',#279,1.);
#279 = DIRECTION('',(0.258819045103,0.,0.965925826289));
#280 = PCURVE('',#44,#281);
#281 = DEFINITIONAL_REPRESENTATION('',(#282),#286);
#282 = LINE('',#283,#284);
#283 = CARTESIAN_POINT('',(-5.329070518201E-15,-34.));
#284 = VECTOR('',#285,1.);
#285 = DIRECTION('',(0.707106781187,0.707106781187));
#286 = ( GEOMETRIC_REPRESENTATION_CONTEXT(2) 
PARAMETRIC_REPRESENTATION_CONTEXT() REPRESENTATION_CONTEXT('2D SPACE',''
  ) );
#287 = PCURVE('',#288,#293);
#288 = PLANE('',#289);
#289 = AXIS2_PLACEMENT_3D('',#290,#291,#292);
#290 = CARTESIAN_POINT('',(17.,0.,-29.44486372867));
#291 = DIRECTION('',(-0.965925826289,0.,0.258819045103));
#292 = DIRECTION('',(0.258819045103,0.,0.965925826289));
#293 = DEFINITIONAL_REPRESENTATION('',(#294),#298);
#294 = LINE('',#295,#296);
#295 = CARTESIAN_POINT('',(0.,0.));
#296 = VECTOR('',#297,1.);
#297 = DIRECTION('',(1.,0.));
#298 = ( GEOMETRIC_REPRESENTATION_CONTEXT(2) 
PARAMETRIC_REPRESENTATION_CONTEXT() REPRESENTATION_CONTEXT('2D SPACE',''
  ) );
#299 = ORIENTED_EDGE('',*,*,#300,.T.);
#300 = EDGE_CURVE('',#273,#142,#301,.T.);
#301 = SURFACE_CURVE('',#302,(#306,#313),.PCURVE_S1.);
#302 = LINE('',#303,#304);
#303 = CARTESIAN_POINT('',(29.444863728671,0.,17.));
#304 = VECTOR('',#305,1.);
#305 = DIRECTION('',(-0.965925826289,0.,0.258819045103));
#306 = PCURVE('',#44,#307);
#307 = DEFINITIONAL_REPRESENTATION('',(#308),#312);
#308 = LINE('',#309,#310);
#309 = CARTESIAN_POINT('',(34.,-1.24344978758E-14));
#310 = VECTOR('',#311,1.);
#311 = DIRECTION('',(-0.707106781187,0.707106781187));
#312 = ( GEOMETRIC_REPRESENTATION_CONTEXT(2) 
PARAMETRIC_REPRESENTATION_CONTEXT() REPRESENTATION_CONTEXT('2D SPACE',''
  ) );
#313 = PCURVE('',#314,#319);
#314 = PLANE('',#315);
#315 = AXIS2_PLACEMENT_3D('',#316,#317,#318);
#316 = CARTESIAN_POINT('',(29.444863728671,0.,17.));
#317 = DIRECTION('',(-0.258819045103,0.,-0.965925826289));
#318 = DIRECTION('',(-0.965925826289,0.,0.258819045103));
#319 = DEFINITIONAL_REPRESENTATION('',(#320),#324);
#320 = LINE('',#321,#322);
#321 = CARTESIAN_POINT('',(0.,0.));
#322 = VECTOR('',#323,1.);
#323 = DIRECTION('',(1.,0.));
#324 = ( GEOMETRIC_REPRESENTATION_CONTEXT(2) 
PARAMETRIC_REPRESENTATION_CONTEXT() REPRESENTATION_CONTEXT('2D SPACE',''
  ) );
#325 = FACE_BOUND('',#326,.F.);
#326 = EDGE_LOOP('',(#327));
#327 = ORIENTED_EDGE('',*,*,#328,.F.);
#328 = EDGE_CURVE('',#329,#329,#331,.T.);
#329 = VERTEX_POINT('',#330);
#330 = CARTESIAN_POINT('',(10.75,0.,-18.61954618136));
#331 = SURFACE_CURVE('',#332,(#337,#344),.PCURVE_S1.);
#332 = CIRCLE('',#333,4.5);
#333 = AXIS2_PLACEMENT_3D('',#334,#335,#336);
#334 = CARTESIAN_POINT('',(13.,0.,-22.51666049839));
#335 = DIRECTION('',(-0.,-1.,0.));
#336 = DIRECTION('',(-0.5,0.,0.866025403784));
#337 = PCURVE('',#44,#338);
#338 = DEFINITIONAL_REPRESENTATION('',(#339),#343);
#339 = CIRCLE('',#340,4.5);
#340 = AXIS2_PLACEMENT_2D('',#341,#342);
#341 = CARTESIAN_POINT('',(-1.7763568394E-15,-26.));
#342 = DIRECTION('',(0.,1.));
#343 = ( GEOMETRIC_REPRESENTATION_CONTEXT(2) 
PARAMETRIC_REPRESENTATION_CONTEXT() REPRESENTATION_CONTEXT('2D SPACE',''
  ) );
#344 = PCURVE('',#345,#350);
#345 = CYLINDRICAL_SURFACE('',#346,4.5);
#346 = AXIS2_PLACEMENT_3D('',#347,#348,#349);
#347 = CARTESIAN_POINT('',(13.,0.,-22.51666049839));
#348 = DIRECTION('',(0.,-1.,0.));
#349 = DIRECTION('',(-0.5,0.,0.866025403784));
#350 = DEFINITIONAL_REPRESENTATION('',(#351),#355);
#351 = LINE('',#352,#353);
#352 = CARTESIAN_POINT('',(0.,0.));
#353 = VECTOR('',#354,1.);
#354 = DIRECTION('',(1.,0.));
#355 = ( GEOMETRIC_REPRESENTATION_CONTEXT(2) 
PARAMETRIC_REPRESENTATION_CONTEXT() REPRESENTATION_CONTEXT('2D SPACE',''
  ) );
#356 = ADVANCED_FACE('',(#357),#125,.F.);
#357 = FACE_BOUND('',#358,.F.);
#358 = EDGE_LOOP('',(#359,#383,#402,#403));
#359 = ORIENTED_EDGE('',*,*,#360,.F.);
#360 = EDGE_CURVE('',#361,#85,#363,.T.);
#361 = VERTEX_POINT('',#362);
#362 = CARTESIAN_POINT('',(-26.09522880371,-46.,-4.49899227327));
#363 = SURFACE_CURVE('',#364,(#369,#376),.PCURVE_S1.);
#364 = CIRCLE('',#365,4.5);
#365 = AXIS2_PLACEMENT_3D('',#366,#367,#368);
#366 = CARTESIAN_POINT('',(-26.,-46.,0.));
#367 = DIRECTION('',(0.,-1.,-0.));
#368 = DIRECTION('',(-2.116195638186E-02,0.,-0.999776060727));
#369 = PCURVE('',#125,#370);
#370 = DEFINITIONAL_REPRESENTATION('',(#371),#375);
#371 = LINE('',#372,#373);
#372 = CARTESIAN_POINT('',(4.691225444197,46.));
#373 = VECTOR('',#374,1.);
#374 = DIRECTION('',(1.,0.));
#375 = ( GEOMETRIC_REPRESENTATION_CONTEXT(2) 
PARAMETRIC_REPRESENTATION_CONTEXT() REPRESENTATION_CONTEXT('2D SPACE',''
  ) );
#376 = PCURVE('',#100,#377);
#377 = DEFINITIONAL_REPRESENTATION('',(#378),#382);
#378 = CIRCLE('',#379,4.5);
#379 = AXIS2_PLACEMENT_2D('',#380,#381);
#380 = CARTESIAN_POINT('',(-22.51666049839,13.));
#381 = DIRECTION('',(-0.518214822184,-0.855250488494));
#382 = ( GEOMETRIC_REPRESENTATION_CONTEXT(2) 
PARAMETRIC_REPRESENTATION_CONTEXT() REPRESENTATION_CONTEXT('2D SPACE',''
  ) );
#383 = ORIENTED_EDGE('',*,*,#384,.F.);
#384 = EDGE_CURVE('',#193,#361,#385,.T.);
#385 = SURFACE_CURVE('',#386,(#390,#396),.PCURVE_S1.);
#386 = LINE('',#387,#388);
#387 = CARTESIAN_POINT('',(-26.09522880371,0.,-4.49899227327));
#388 = VECTOR('',#389,1.);
#389 = DIRECTION('',(0.,-1.,0.));
#390 = PCURVE('',#125,#391);
#391 = DEFINITIONAL_REPRESENTATION('',(#392),#395);
#392 = B_SPLINE_CURVE_WITH_KNOTS('',1,(#393,#394),.UNSPECIFIED.,.F.,.F.,
  (2,2),(0.,46.),.PIECEWISE_BEZIER_KNOTS.);
#393 = CARTESIAN_POINT('',(4.691225444197,0.));
#394 = CARTESIAN_POINT('',(4.691225444197,46.));
#395 = ( GEOMETRIC_REPRESENTATION_CONTEXT(2) 
PARAMETRIC_REPRESENTATION_CONTEXT() REPRESENTATION_CONTEXT('2D SPACE',''
  ) );
#396 = PCURVE('',#232,#397);
#397 = DEFINITIONAL_REPRESENTATION('',(#398),#401);
#398 = B_SPLINE_CURVE_WITH_KNOTS('',1,(#399,#400),.UNSPECIFIED.,.F.,.F.,
  (2,2),(-6.E-07,50.6),.PIECEWISE_BEZIER_KNOTS.);
#399 = CARTESIAN_POINT('',(35.141265590079,6.E-07));
#400 = CARTESIAN_POINT('',(35.141265590079,-50.6));
#401 = ( GEOMETRIC_REPRESENTATION_CONTEXT(2) 
PARAMETRIC_REPRESENTATION_CONTEXT() REPRESENTATION_CONTEXT('2D SPACE',''
  ) );
#402 = ORIENTED_EDGE('',*,*,#192,.T.);
#403 = ORIENTED_EDGE('',*,*,#112,.T.);
#404 = ADVANCED_FACE('',(#405,#560),#100,.T.);
#405 = FACE_BOUND('',#406,.T.);
#406 = EDGE_LOOP('',(#407,#442,#463,#464,#465,#488,#511,#534));
#407 = ORIENTED_EDGE('',*,*,#408,.T.);
#408 = EDGE_CURVE('',#409,#411,#413,.T.);
#409 = VERTEX_POINT('',#410);
#410 = CARTESIAN_POINT('',(16.943856001941,-46.,20.349634924953));
#411 = VERTEX_POINT('',#412);
#412 = CARTESIAN_POINT('',(8.50100772673,-46.,22.611889302114));
#413 = SURFACE_CURVE('',#414,(#419,#430),.PCURVE_S1.);
#414 = CIRCLE('',#415,4.5);
#415 = AXIS2_PLACEMENT_3D('',#416,#417,#418);
#416 = CARTESIAN_POINT('',(13.,-46.,22.516660498395));
#417 = DIRECTION('',(0.,1.,0.));
#418 = DIRECTION('',(0.876412444876,0.,-0.481561238543));
#419 = PCURVE('',#100,#420);
#420 = DEFINITIONAL_REPRESENTATION('',(#421),#429);
#421 = ( BOUNDED_CURVE() B_SPLINE_CURVE(2,(#422,#423,#424,#425,#426,#427
,#428),.UNSPECIFIED.,.T.,.F.) B_SPLINE_CURVE_WITH_KNOTS((1,2,2,2,2,1),(
    -2.094395102393,0.,2.094395102393,4.188790204786,6.28318530718,
8.377580409573),.UNSPECIFIED.) CURVE() GEOMETRIC_REPRESENTATION_ITEM() 
RATIONAL_B_SPLINE_CURVE((1.,0.5,1.,0.5,1.,0.5,1.)) REPRESENTATION_ITEM(
  '') );
#422 = CARTESIAN_POINT('',(24.848627198222,9.151372801778));
#423 = CARTESIAN_POINT('',(18.18260935151,5.112287996118));
#424 = CARTESIAN_POINT('',(18.017668225125,12.904771196282));
#425 = CARTESIAN_POINT('',(17.852727098741,20.697254396445));
#426 = CARTESIAN_POINT('',(24.683686071838,16.943856001941));
#427 = CARTESIAN_POINT('',(31.514645044935,13.190457607437));
#428 = CARTESIAN_POINT('',(24.848627198222,9.151372801778));
#429 = ( GEOMETRIC_REPRESENTATION_CONTEXT(2) 
PARAMETRIC_REPRESENTATION_CONTEXT() REPRESENTATION_CONTEXT('2D SPACE',''
  ) );
#430 = PCURVE('',#431,#436);
#431 = CYLINDRICAL_SURFACE('',#432,4.5);
#432 = AXIS2_PLACEMENT_3D('',#433,#434,#435);
#433 = CARTESIAN_POINT('',(13.,0.,22.516660498395));
#434 = DIRECTION('',(0.,-1.,-0.));
#435 = DIRECTION('',(-0.5,0.,-0.866025403784));
#436 = DEFINITIONAL_REPRESENTATION('',(#437),#441);
#437 = LINE('',#438,#439);
#438 = CARTESIAN_POINT('',(7.875145170162,46.));
#439 = VECTOR('',#440,1.);
#440 = DIRECTION('',(-1.,-0.));
#441 = ( GEOMETRIC_REPRESENTATION_CONTEXT(2) 
PARAMETRIC_REPRESENTATION_CONTEXT() REPRESENTATION_CONTEXT('2D SPACE',''
  ) );
#442 = ORIENTED_EDGE('',*,*,#443,.T.);
#443 = EDGE_CURVE('',#411,#57,#444,.T.);
#444 = SURFACE_CURVE('',#445,(#449,#456),.PCURVE_S1.);
#445 = LINE('',#446,#447);
#446 = CARTESIAN_POINT('',(29.444863728671,-46.,17.));
#447 = VECTOR('',#448,1.);
#448 = DIRECTION('',(-0.965925826289,0.,0.258819045103));
#449 = PCURVE('',#100,#450);
#450 = DEFINITIONAL_REPRESENTATION('',(#451),#455);
#451 = LINE('',#452,#453);
#452 = CARTESIAN_POINT('',(34.,-1.24344978758E-14));
#453 = VECTOR('',#454,1.);
#454 = DIRECTION('',(-0.707106781187,0.707106781187));
#455 = ( GEOMETRIC_REPRESENTATION_CONTEXT(2) 
PARAMETRIC_REPRESENTATION_CONTEXT() REPRESENTATION_CONTEXT('2D SPACE',''
  ) );
#456 = PCURVE('',#72,#457);
#457 = DEFINITIONAL_REPRESENTATION('',(#458),#462);
#458 = LINE('',#459,#460);
#459 = CARTESIAN_POINT('',(0.,-46.));
#460 = VECTOR('',#461,1.);
#461 = DIRECTION('',(1.,0.));
#462 = ( GEOMETRIC_REPRESENTATION_CONTEXT(2) 
PARAMETRIC_REPRESENTATION_CONTEXT() REPRESENTATION_CONTEXT('2D SPACE',''
  ) );
#463 = ORIENTED_EDGE('',*,*,#84,.T.);
#464 = ORIENTED_EDGE('',*,*,#360,.F.);
#465 = ORIENTED_EDGE('',*,*,#466,.T.);
#466 = EDGE_CURVE('',#361,#467,#469,.T.);
#467 = VERTEX_POINT('',#468);
#468 = CARTESIAN_POINT('',(-29.44486372867,-46.,-17.));
#469 = SURFACE_CURVE('',#470,(#474,#481),.PCURVE_S1.);
#470 = LINE('',#471,#472);
#471 = CARTESIAN_POINT('',(-17.,-46.,29.444863728671));
#472 = VECTOR('',#473,1.);
#473 = DIRECTION('',(-0.258819045103,0.,-0.965925826289));
#474 = PCURVE('',#100,#475);
#475 = DEFINITIONAL_REPRESENTATION('',(#476),#480);
#476 = LINE('',#477,#478);
#477 = CARTESIAN_POINT('',(1.7763568394E-15,34.));
#478 = VECTOR('',#479,1.);
#479 = DIRECTION('',(-0.707106781187,-0.707106781187));
#480 = ( GEOMETRIC_REPRESENTATION_CONTEXT(2) 
PARAMETRIC_REPRESENTATION_CONTEXT() REPRESENTATION_CONTEXT('2D SPACE',''
  ) );
#481 = PCURVE('',#232,#482);
#482 = DEFINITIONAL_REPRESENTATION('',(#483),#487);
#483 = LINE('',#484,#485);
#484 = CARTESIAN_POINT('',(-0.,-46.));
#485 = VECTOR('',#486,1.);
#486 = DIRECTION('',(1.,0.));
#487 = ( GEOMETRIC_REPRESENTATION_CONTEXT(2) 
PARAMETRIC_REPRESENTATION_CONTEXT() REPRESENTATION_CONTEXT('2D SPACE',''
  ) );
#488 = ORIENTED_EDGE('',*,*,#489,.T.);
#489 = EDGE_CURVE('',#467,#490,#492,.T.);
#490 = VERTEX_POINT('',#491);
#491 = CARTESIAN_POINT('',(17.,-46.,-29.44486372867));
#492 = SURFACE_CURVE('',#493,(#497,#504),.PCURVE_S1.);
#493 = LINE('',#494,#495);
#494 = CARTESIAN_POINT('',(-29.44486372867,-46.,-17.));
#495 = VECTOR('',#496,1.);
#496 = DIRECTION('',(0.965925826289,0.,-0.258819045103));
#497 = PCURVE('',#100,#498);
#498 = DEFINITIONAL_REPRESENTATION('',(#499),#503);
#499 = LINE('',#500,#501);
#500 = CARTESIAN_POINT('',(-34.,7.105427357601E-15));
#501 = VECTOR('',#502,1.);
#502 = DIRECTION('',(0.707106781187,-0.707106781187));
#503 = ( GEOMETRIC_REPRESENTATION_CONTEXT(2) 
PARAMETRIC_REPRESENTATION_CONTEXT() REPRESENTATION_CONTEXT('2D SPACE',''
  ) );
#504 = PCURVE('',#260,#505);
#505 = DEFINITIONAL_REPRESENTATION('',(#506),#510);
#506 = LINE('',#507,#508);
#507 = CARTESIAN_POINT('',(0.,-46.));
#508 = VECTOR('',#509,1.);
#509 = DIRECTION('',(1.,0.));
#510 = ( GEOMETRIC_REPRESENTATION_CONTEXT(2) 
PARAMETRIC_REPRESENTATION_CONTEXT() REPRESENTATION_CONTEXT('2D SPACE',''
  ) );
#511 = ORIENTED_EDGE('',*,*,#512,.T.);
#512 = EDGE_CURVE('',#490,#513,#515,.T.);
#513 = VERTEX_POINT('',#514);
#514 = CARTESIAN_POINT('',(29.444863728671,-46.,17.));
#515 = SURFACE_CURVE('',#516,(#520,#527),.PCURVE_S1.);
#516 = LINE('',#517,#518);
#517 = CARTESIAN_POINT('',(17.,-46.,-29.44486372867));
#518 = VECTOR('',#519,1.);
#519 = DIRECTION('',(0.258819045103,0.,0.965925826289));
#520 = PCURVE('',#100,#521);
#521 = DEFINITIONAL_REPRESENTATION('',(#522),#526);
#522 = LINE('',#523,#524);
#523 = CARTESIAN_POINT('',(-5.329070518201E-15,-34.));
#524 = VECTOR('',#525,1.);
#525 = DIRECTION('',(0.707106781187,0.707106781187));
#526 = ( GEOMETRIC_REPRESENTATION_CONTEXT(2) 
PARAMETRIC_REPRESENTATION_CONTEXT() REPRESENTATION_CONTEXT('2D SPACE',''
  ) );
#527 = PCURVE('',#288,#528);
#528 = DEFINITIONAL_REPRESENTATION('',(#529),#533);
#529 = LINE('',#530,#531);
#530 = CARTESIAN_POINT('',(0.,-46.));
#531 = VECTOR('',#532,1.);
#532 = DIRECTION('',(1.,0.));
#533 = ( GEOMETRIC_REPRESENTATION_CONTEXT(2) 
PARAMETRIC_REPRESENTATION_CONTEXT() REPRESENTATION_CONTEXT('2D SPACE',''
  ) );
#534 = ORIENTED_EDGE('',*,*,#535,.T.);
#535 = EDGE_CURVE('',#513,#409,#536,.T.);
#536 = SURFACE_CURVE('',#537,(#541,#548),.PCURVE_S1.);
#537 = LINE('',#538,#539);
#538 = CARTESIAN_POINT('',(29.444863728671,-46.,17.));
#539 = VECTOR('',#540,1.);
#540 = DIRECTION('',(-0.965925826289,0.,0.258819045103));
#541 = PCURVE('',#100,#542);
#542 = DEFINITIONAL_REPRESENTATION('',(#543),#547);
#543 = LINE('',#544,#545);
#544 = CARTESIAN_POINT('',(34.,-1.24344978758E-14));
#545 = VECTOR('',#546,1.);
#546 = DIRECTION('',(-0.707106781187,0.707106781187));
#547 = ( GEOMETRIC_REPRESENTATION_CONTEXT(2) 
PARAMETRIC_REPRESENTATION_CONTEXT() REPRESENTATION_CONTEXT('2D SPACE',''
  ) );
#548 = PCURVE('',#549,#554);
#549 = PLANE('',#550);
#550 = AXIS2_PLACEMENT_3D('',#551,#552,#553);
#551 = CARTESIAN_POINT('',(29.444863728671,0.,17.));
#552 = DIRECTION('',(-0.258819045103,0.,-0.965925826289));
#553 = DIRECTION('',(-0.965925826289,0.,0.258819045103));
#554 = DEFINITIONAL_REPRESENTATION('',(#555),#559);
#555 = LINE('',#556,#557);
#556 = CARTESIAN_POINT('',(0.,-46.));
#557 = VECTOR('',#558,1.);
#558 = DIRECTION('',(1.,0.));
#559 = ( GEOMETRIC_REPRESENTATION_CONTEXT(2) 
PARAMETRIC_REPRESENTATION_CONTEXT() REPRESENTATION_CONTEXT('2D SPACE',''
  ) );
#560 = FACE_BOUND('',#561,.T.);
#561 = EDGE_LOOP('',(#562));
#562 = ORIENTED_EDGE('',*,*,#563,.F.);
#563 = EDGE_CURVE('',#564,#564,#566,.T.);
#564 = VERTEX_POINT('',#565);
#565 = CARTESIAN_POINT('',(10.75,-46.,-18.61954618136));
#566 = SURFACE_CURVE('',#567,(#572,#579),.PCURVE_S1.);
#567 = CIRCLE('',#568,4.5);
#568 = AXIS2_PLACEMENT_3D('',#569,#570,#571);
#569 = CARTESIAN_POINT('',(13.,-46.,-22.51666049839));
#570 = DIRECTION('',(-0.,-1.,0.));
#571 = DIRECTION('',(-0.5,0.,0.866025403784));
#572 = PCURVE('',#100,#573);
#573 = DEFINITIONAL_REPRESENTATION('',(#574),#578);
#574 = CIRCLE('',#575,4.5);
#575 = AXIS2_PLACEMENT_2D('',#576,#577);
#576 = CARTESIAN_POINT('',(-1.7763568394E-15,-26.));
#577 = DIRECTION('',(0.,1.));
#578 = ( GEOMETRIC_REPRESENTATION_CONTEXT(2) 
PARAMETRIC_REPRESENTATION_CONTEXT() REPRESENTATION_CONTEXT('2D SPACE',''
  ) );
#579 = PCURVE('',#345,#580);
#580 = DEFINITIONAL_REPRESENTATION('',(#581),#585);
#581 = LINE('',#582,#583);
#582 = CARTESIAN_POINT('',(0.,46.));
#583 = VECTOR('',#584,1.);
#584 = DIRECTION('',(1.,0.));
#585 = ( GEOMETRIC_REPRESENTATION_CONTEXT(2) 
PARAMETRIC_REPRESENTATION_CONTEXT() REPRESENTATION_CONTEXT('2D SPACE',''
  ) );
#586 = ADVANCED_FACE('',(#587),#72,.F.);
#587 = FACE_BOUND('',#588,.F.);
#588 = EDGE_LOOP('',(#589,#590,#613,#648,#669,#670));
#589 = ORIENTED_EDGE('',*,*,#170,.F.);
#590 = ORIENTED_EDGE('',*,*,#591,.T.);
#591 = EDGE_CURVE('',#140,#592,#594,.T.);
#592 = VERTEX_POINT('',#593);
#593 = CARTESIAN_POINT('',(8.50100772673,-22.34781553914,22.611889302114
    ));
#594 = SURFACE_CURVE('',#595,(#599,#606),.PCURVE_S1.);
#595 = LINE('',#596,#597);
#596 = CARTESIAN_POINT('',(8.50100772673,0.,22.611889302114));
#597 = VECTOR('',#598,1.);
#598 = DIRECTION('',(0.,-1.,-0.));
#599 = PCURVE('',#72,#600);
#600 = DEFINITIONAL_REPRESENTATION('',(#601),#605);
#601 = LINE('',#602,#603);
#602 = CARTESIAN_POINT('',(21.682675244748,0.));
#603 = VECTOR('',#604,1.);
#604 = DIRECTION('',(0.,-1.));
#605 = ( GEOMETRIC_REPRESENTATION_CONTEXT(2) 
PARAMETRIC_REPRESENTATION_CONTEXT() REPRESENTATION_CONTEXT('2D SPACE',''
  ) );
#606 = PCURVE('',#158,#607);
#607 = DEFINITIONAL_REPRESENTATION('',(#608),#612);
#608 = LINE('',#609,#610);
#609 = CARTESIAN_POINT('',(5.214824219795,0.));
#610 = VECTOR('',#611,1.);
#611 = DIRECTION('',(0.,1.));
#612 = ( GEOMETRIC_REPRESENTATION_CONTEXT(2) 
PARAMETRIC_REPRESENTATION_CONTEXT() REPRESENTATION_CONTEXT('2D SPACE',''
  ) );
#613 = ORIENTED_EDGE('',*,*,#614,.F.);
#614 = EDGE_CURVE('',#615,#592,#617,.T.);
#615 = VERTEX_POINT('',#616);
#616 = CARTESIAN_POINT('',(8.50100772673,-23.65218446085,22.611889302114
    ));
#617 = SURFACE_CURVE('',#618,(#623,#630),.PCURVE_S1.);
#618 = ELLIPSE('',#619,13.652009258439,3.5334);
#619 = AXIS2_PLACEMENT_3D('',#620,#621,#622);
#620 = CARTESIAN_POINT('',(21.46126064112,-23.,19.1392));
#621 = DIRECTION('',(-0.258819045103,0.,-0.965925826289));
#622 = DIRECTION('',(0.965925826289,0.,-0.258819045103));
#623 = PCURVE('',#72,#624);
#624 = DEFINITIONAL_REPRESENTATION('',(#625),#629);
#625 = ELLIPSE('',#626,13.652009258439,3.5334);
#626 = AXIS2_PLACEMENT_2D('',#627,#628);
#627 = CARTESIAN_POINT('',(8.26523411039,-23.));
#628 = DIRECTION('',(-1.,0.));
#629 = ( GEOMETRIC_REPRESENTATION_CONTEXT(2) 
PARAMETRIC_REPRESENTATION_CONTEXT() REPRESENTATION_CONTEXT('2D SPACE',''
  ) );
#630 = PCURVE('',#631,#636);
#631 = CYLINDRICAL_SURFACE('',#632,3.5334);
#632 = AXIS2_PLACEMENT_3D('',#633,#634,#635);
#633 = CARTESIAN_POINT('',(29.6805,-23.,19.1392));
#634 = DIRECTION('',(1.,0.,0.));
#635 = DIRECTION('',(0.,1.,0.));
#636 = DEFINITIONAL_REPRESENTATION('',(#637),#647);
#637 = B_SPLINE_CURVE_WITH_KNOTS('',8,(#638,#639,#640,#641,#642,#643,
    #644,#645,#646),.UNSPECIFIED.,.F.,.F.,(9,9),(2.480685362964,
    3.802499944216),.PIECEWISE_BEZIER_KNOTS.);
#638 = CARTESIAN_POINT('',(2.231703617421,-18.62939150059));
#639 = CARTESIAN_POINT('',(2.066476794764,-19.96682250043));
#640 = CARTESIAN_POINT('',(1.90124997211,-20.97945791599));
#641 = CARTESIAN_POINT('',(1.736023149446,-21.61166072583));
#642 = CARTESIAN_POINT('',(1.570796326802,-21.82671055699));
#643 = CARTESIAN_POINT('',(1.405569504132,-21.61166072577));
#644 = CARTESIAN_POINT('',(1.240342681484,-20.97945791601));
#645 = CARTESIAN_POINT('',(1.075115858825,-19.96682250043));
#646 = CARTESIAN_POINT('',(0.909889036169,-18.62939150059));
#647 = ( GEOMETRIC_REPRESENTATION_CONTEXT(2) 
PARAMETRIC_REPRESENTATION_CONTEXT() REPRESENTATION_CONTEXT('2D SPACE',''
  ) );
#648 = ORIENTED_EDGE('',*,*,#649,.T.);
#649 = EDGE_CURVE('',#615,#411,#650,.T.);
#650 = SURFACE_CURVE('',#651,(#655,#662),.PCURVE_S1.);
#651 = LINE('',#652,#653);
#652 = CARTESIAN_POINT('',(8.50100772673,0.,22.611889302114));
#653 = VECTOR('',#654,1.);
#654 = DIRECTION('',(0.,-1.,-0.));
#655 = PCURVE('',#72,#656);
#656 = DEFINITIONAL_REPRESENTATION('',(#657),#661);
#657 = LINE('',#658,#659);
#658 = CARTESIAN_POINT('',(21.682675244748,0.));
#659 = VECTOR('',#660,1.);
#660 = DIRECTION('',(0.,-1.));
#661 = ( GEOMETRIC_REPRESENTATION_CONTEXT(2) 
PARAMETRIC_REPRESENTATION_CONTEXT() REPRESENTATION_CONTEXT('2D SPACE',''
  ) );
#662 = PCURVE('',#431,#663);
#663 = DEFINITIONAL_REPRESENTATION('',(#664),#668);
#664 = LINE('',#665,#666);
#665 = CARTESIAN_POINT('',(5.214824219795,0.));
#666 = VECTOR('',#667,1.);
#667 = DIRECTION('',(0.,1.));
#668 = ( GEOMETRIC_REPRESENTATION_CONTEXT(2) 
PARAMETRIC_REPRESENTATION_CONTEXT() REPRESENTATION_CONTEXT('2D SPACE',''
  ) );
#669 = ORIENTED_EDGE('',*,*,#443,.T.);
#670 = ORIENTED_EDGE('',*,*,#56,.F.);
#671 = ADVANCED_FACE('',(#672),#158,.F.);
#672 = FACE_BOUND('',#673,.F.);
#673 = EDGE_LOOP('',(#674,#675,#676,#699,#739,#879));
#674 = ORIENTED_EDGE('',*,*,#591,.F.);
#675 = ORIENTED_EDGE('',*,*,#139,.T.);
#676 = ORIENTED_EDGE('',*,*,#677,.T.);
#677 = EDGE_CURVE('',#142,#678,#680,.T.);
#678 = VERTEX_POINT('',#679);
#679 = CARTESIAN_POINT('',(16.943856001941,-19.68039718453,
    20.349634924953));
#680 = SURFACE_CURVE('',#681,(#685,#692),.PCURVE_S1.);
#681 = LINE('',#682,#683);
#682 = CARTESIAN_POINT('',(16.943856001941,0.,20.349634924953));
#683 = VECTOR('',#684,1.);
#684 = DIRECTION('',(0.,-1.,-0.));
#685 = PCURVE('',#158,#686);
#686 = DEFINITIONAL_REPRESENTATION('',(#687),#691);
#687 = LINE('',#688,#689);
#688 = CARTESIAN_POINT('',(7.875145170162,0.));
#689 = VECTOR('',#690,1.);
#690 = DIRECTION('',(0.,1.));
#691 = ( GEOMETRIC_REPRESENTATION_CONTEXT(2) 
PARAMETRIC_REPRESENTATION_CONTEXT() REPRESENTATION_CONTEXT('2D SPACE',''
  ) );
#692 = PCURVE('',#314,#693);
#693 = DEFINITIONAL_REPRESENTATION('',(#694),#698);
#694 = LINE('',#695,#696);
#695 = CARTESIAN_POINT('',(12.941995530606,0.));
#696 = VECTOR('',#697,1.);
#697 = DIRECTION('',(0.,-1.));
#698 = ( GEOMETRIC_REPRESENTATION_CONTEXT(2) 
PARAMETRIC_REPRESENTATION_CONTEXT() REPRESENTATION_CONTEXT('2D SPACE',''
  ) );
#699 = ORIENTED_EDGE('',*,*,#700,.F.);
#700 = EDGE_CURVE('',#701,#678,#703,.T.);
#701 = VERTEX_POINT('',#702);
#702 = CARTESIAN_POINT('',(15.97367795529,-19.4666,19.1392));
#703 = SURFACE_CURVE('',#704,(#712,#723),.PCURVE_S1.);
#704 = B_SPLINE_CURVE_WITH_KNOTS('',6,(#705,#706,#707,#708,#709,#710,
    #711),.UNSPECIFIED.,.F.,.F.,(7,7),(0.,1.),.PIECEWISE_BEZIER_KNOTS.);
#705 = CARTESIAN_POINT('',(15.97367795529,-19.4666,19.1392));
#706 = CARTESIAN_POINT('',(16.161602578886,-19.4666,19.30465783754));
#707 = CARTESIAN_POINT('',(16.344335928783,-19.47589724313,
    19.487819396312));
#708 = CARTESIAN_POINT('',(16.516816051339,-19.49822349017,
    19.686830325107));
#709 = CARTESIAN_POINT('',(16.67561022708,-19.53745975887,
    19.899046508152));
#710 = CARTESIAN_POINT('',(16.818367137803,-19.59712163196,
    20.121252751677));
#711 = CARTESIAN_POINT('',(16.943856001941,-19.68039718453,
    20.349634924953));
#712 = PCURVE('',#158,#713);
#713 = DEFINITIONAL_REPRESENTATION('',(#714),#722);
#714 = B_SPLINE_CURVE_WITH_KNOTS('',6,(#715,#716,#717,#718,#719,#720,
    #721),.UNSPECIFIED.,.F.,.F.,(7,7),(0.,1.),.PIECEWISE_BEZIER_KNOTS.);
#715 = CARTESIAN_POINT('',(7.528691292951,19.4666));
#716 = CARTESIAN_POINT('',(7.584332098723,19.4666));
#717 = CARTESIAN_POINT('',(7.641706708405,19.475897243139));
#718 = CARTESIAN_POINT('',(7.700009350739,19.498223490176));
#719 = CARTESIAN_POINT('',(7.758683499844,19.537459758877));
#720 = CARTESIAN_POINT('',(7.817236825343,19.597121631964));
#721 = CARTESIAN_POINT('',(7.875145170162,19.680397184533));
#722 = ( GEOMETRIC_REPRESENTATION_CONTEXT(2) 
PARAMETRIC_REPRESENTATION_CONTEXT() REPRESENTATION_CONTEXT('2D SPACE',''
  ) );
#723 = PCURVE('',#724,#729);
#724 = CYLINDRICAL_SURFACE('',#725,3.5334);
#725 = AXIS2_PLACEMENT_3D('',#726,#727,#728);
#726 = CARTESIAN_POINT('',(29.6805,-23.,19.1392));
#727 = DIRECTION('',(1.,0.,0.));
#728 = DIRECTION('',(0.,1.,0.));
#729 = DEFINITIONAL_REPRESENTATION('',(#730),#738);
#730 = B_SPLINE_CURVE_WITH_KNOTS('',6,(#731,#732,#733,#734,#735,#736,
    #737),.UNSPECIFIED.,.F.,.F.,(7,7),(0.,1.),.PIECEWISE_BEZIER_KNOTS.);
#731 = CARTESIAN_POINT('',(8.881784197001E-16,-13.70682204471));
#732 = CARTESIAN_POINT('',(4.682680634521E-02,-13.51889742111));
#733 = CARTESIAN_POINT('',(9.866424026296E-02,-13.33616407121));
#734 = CARTESIAN_POINT('',(0.155170789052,-13.16368394866));
#735 = CARTESIAN_POINT('',(0.215985646379,-13.00488977292));
#736 = CARTESIAN_POINT('',(0.280852439914,-12.86213286219));
#737 = CARTESIAN_POINT('',(0.349650481719,-12.73664399805));
#738 = ( GEOMETRIC_REPRESENTATION_CONTEXT(2) 
PARAMETRIC_REPRESENTATION_CONTEXT() REPRESENTATION_CONTEXT('2D SPACE',''
  ) );
#739 = ORIENTED_EDGE('',*,*,#740,.F.);
#740 = EDGE_CURVE('',#741,#701,#743,.T.);
#741 = VERTEX_POINT('',#742);
#742 = CARTESIAN_POINT('',(10.02632204471,-19.4666,19.1392));
#743 = SURFACE_CURVE('',#744,(#777,#828),.PCURVE_S1.);
#744 = B_SPLINE_CURVE_WITH_KNOTS('',6,(#745,#746,#747,#748,#749,#750,
    #751,#752,#753,#754,#755,#756,#757,#758,#759,#760,#761,#762,#763,
    #764,#765,#766,#767,#768,#769,#770,#771,#772,#773,#774,#775,#776),
  .UNSPECIFIED.,.F.,.F.,(7,5,5,5,5,5,7),(0.,1.,2.299653058156,
    3.815248818897,5.330844579633,6.763995612576,7.630579081654),
  .UNSPECIFIED.);
#745 = CARTESIAN_POINT('',(10.02632204471,-19.4666,19.1392));
#746 = CARTESIAN_POINT('',(10.141049060498,-19.4666,19.038188841502));
#747 = CARTESIAN_POINT('',(10.258555841501,-19.47006491845,
    18.94303193189));
#748 = CARTESIAN_POINT('',(10.378489729981,-19.47624300359,
    18.853676822577));
#749 = CARTESIAN_POINT('',(10.500541129083,-19.48448840365,
    18.77004310149));
#750 = CARTESIAN_POINT('',(10.624447940144,-19.49424352532,
    18.692033696921));
#751 = CARTESIAN_POINT('',(10.91317411855,-19.5190288799,18.525337560096
    ));
#752 = CARTESIAN_POINT('',(11.079178315801,-19.53476859152,
    18.44042647222));
#753 = CARTESIAN_POINT('',(11.24757418247,-19.5511778105,18.364587932586
    ));
#754 = CARTESIAN_POINT('',(11.418009415901,-19.56739422446,
    18.297625329537));
#755 = CARTESIAN_POINT('',(11.59020013211,-19.58270584119,
    18.239383116622));
#756 = CARTESIAN_POINT('',(11.966480980497,-19.61269291532,
    18.131888824472));
#757 = CARTESIAN_POINT('',(12.171144146697,-19.62684223882,
    18.085731050518));
#758 = CARTESIAN_POINT('',(12.377319549813,-19.63808515032,
    18.051185308947));
#759 = CARTESIAN_POINT('',(12.584497952349,-19.64579639266,
    18.028174482192));
#760 = CARTESIAN_POINT('',(12.79221065259,-19.64965365561,
    18.016660498395));
#761 = CARTESIAN_POINT('',(13.207789347409,-19.64965365561,
    18.016660498395));
#762 = CARTESIAN_POINT('',(13.415502047651,-19.64579639266,
    18.028174482192));
#763 = CARTESIAN_POINT('',(13.622680450188,-19.63808515032,
    18.051185308947));
#764 = CARTESIAN_POINT('',(13.828855853303,-19.62684223882,
    18.085731050518));
#765 = CARTESIAN_POINT('',(14.033519019502,-19.61269291532,
    18.131888824472));
#766 = CARTESIAN_POINT('',(14.427642955463,-19.58128386611,
    18.244480453031));
#767 = CARTESIAN_POINT('',(14.617339303671,-19.56423396441,
    18.309678615898));
#768 = CARTESIAN_POINT('',(14.804869845961,-19.54615452294,
    18.38549097961));
#769 = CARTESIAN_POINT('',(14.989853879366,-19.52802015861,
    18.472136014333));
#770 = CARTESIAN_POINT('',(15.171802358485,-19.51102737386,
    18.569892116721));
#771 = CARTESIAN_POINT('',(15.457892480202,-19.48801675092,
    18.745089916943));
#772 = CARTESIAN_POINT('',(15.564379262562,-19.48031410946,
    18.815297929005));
#773 = CARTESIAN_POINT('',(15.669395924325,-19.47391620832,
    18.889760423111));
#774 = CARTESIAN_POINT('',(15.772760808889,-19.46920169607,
    18.968536192954));
#775 = CARTESIAN_POINT('',(15.874265661522,-19.4666,19.051672656127));
#776 = CARTESIAN_POINT('',(15.97367795529,-19.4666,19.1392));
#777 = PCURVE('',#158,#778);
#778 = DEFINITIONAL_REPRESENTATION('',(#779),#827);
#779 = B_SPLINE_CURVE_WITH_KNOTS('',3,(#780,#781,#782,#783,#784,#785,
    #786,#787,#788,#789,#790,#791,#792,#793,#794,#795,#796,#797,#798,
    #799,#800,#801,#802,#803,#804,#805,#806,#807,#808,#809,#810,#811,
    #812,#813,#814,#815,#816,#817,#818,#819,#820,#821,#822,#823,#824,
    #825,#826),.UNSPECIFIED.,.F.,.F.,(4,1,1,1,1,1,1,1,1,1,1,1,1,1,1,1,1,
    1,1,1,1,1,1,1,1,1,1,1,1,1,1,1,1,1,1,1,1,1,1,1,1,1,1,1,4),(0.,
    0.173422251856,0.346844503712,0.520266755567,0.693689007423,
    0.867111259279,1.040533511135,1.21395576299,1.387378014846,
    1.560800266702,1.734222518558,1.907644770413,2.081067022269,
    2.254489274125,2.427911525981,2.601333777836,2.774756029692,
    2.948178281548,3.121600533404,3.29502278526,3.468445037115,
    3.641867288971,3.815289540827,3.988711792683,4.162134044538,
    4.335556296394,4.50897854825,4.682400800106,4.855823051961,
    5.029245303817,5.202667555673,5.376089807529,5.549512059384,
    5.72293431124,5.896356563096,6.069778814952,6.243201066808,
    6.416623318663,6.590045570519,6.763467822375,6.936890074231,
    7.110312326086,7.283734577942,7.457156829798,7.630579081654),
  .QUASI_UNIFORM_KNOTS.);
#780 = CARTESIAN_POINT('',(6.084876872605,19.4666));
#781 = CARTESIAN_POINT('',(6.096658724686,19.46660267442));
#782 = CARTESIAN_POINT('',(6.12010297453,19.467639898015));
#783 = CARTESIAN_POINT('',(6.154924833901,19.471873109824));
#784 = CARTESIAN_POINT('',(6.189415624882,19.478353337592));
#785 = CARTESIAN_POINT('',(6.223590196404,19.486692614994));
#786 = CARTESIAN_POINT('',(6.257465123148,19.496528506129));
#787 = CARTESIAN_POINT('',(6.291056233224,19.507525098758));
#788 = CARTESIAN_POINT('',(6.324390071636,19.519374375166));
#789 = CARTESIAN_POINT('',(6.357488803651,19.531790469011));
#790 = CARTESIAN_POINT('',(6.390372460298,19.544507787511));
#791 = CARTESIAN_POINT('',(6.423061533586,19.557280928783));
#792 = CARTESIAN_POINT('',(6.455576312434,19.5698833861));
#793 = CARTESIAN_POINT('',(6.487937246272,19.582106886972));
#794 = CARTESIAN_POINT('',(6.520164409093,19.593760586313));
#795 = CARTESIAN_POINT('',(6.552279492463,19.604671388735));
#796 = CARTESIAN_POINT('',(6.584299055232,19.614681245492));
#797 = CARTESIAN_POINT('',(6.616234348528,19.623647894045));
#798 = CARTESIAN_POINT('',(6.648098094328,19.631447664754));
#799 = CARTESIAN_POINT('',(6.67990285356,19.637975081688));
#800 = CARTESIAN_POINT('',(6.711661393923,19.643143257578));
#801 = CARTESIAN_POINT('',(6.743386831712,19.646884075785));
#802 = CARTESIAN_POINT('',(6.775091686798,19.649148430103));
#803 = CARTESIAN_POINT('',(6.806791527163,19.649906446171));
#804 = CARTESIAN_POINT('',(6.838491365279,19.649147718649));
#805 = CARTESIAN_POINT('',(6.870196227303,19.646882662437));
#806 = CARTESIAN_POINT('',(6.90192167751,19.643141160861));
#807 = CARTESIAN_POINT('',(6.93368023641,19.637972329232));
#808 = CARTESIAN_POINT('',(6.965485020977,19.631444292677));
#809 = CARTESIAN_POINT('',(6.99734879508,19.623643948648));
#810 = CARTESIAN_POINT('',(7.029284133818,19.614676776448));
#811 = CARTESIAN_POINT('',(7.061303705825,19.604666474014));
#812 = CARTESIAN_POINT('',(7.093418960945,19.593755238639));
#813 = CARTESIAN_POINT('',(7.125645528355,19.582101470759));
#814 = CARTESIAN_POINT('',(7.158005330204,19.569878210671));
#815 = CARTESIAN_POINT('',(7.190518791636,19.557276177213));
#816 = CARTESIAN_POINT('',(7.223206619041,19.544503531091));
#817 = CARTESIAN_POINT('',(7.256089389373,19.531786643878));
#818 = CARTESIAN_POINT('',(7.289187574566,19.519370906068));
#819 = CARTESIAN_POINT('',(7.322522050961,19.507521605313));
#820 = CARTESIAN_POINT('',(7.356112275744,19.496525716968));
#821 = CARTESIAN_POINT('',(7.389983357846,19.486691207264));
#822 = CARTESIAN_POINT('',(7.424156700604,19.478352420304));
#823 = CARTESIAN_POINT('',(7.458646559306,19.47187263142));
#824 = CARTESIAN_POINT('',(7.493467475103,19.467639770129));
#825 = CARTESIAN_POINT('',(7.516910407724,19.466602660228));
#826 = CARTESIAN_POINT('',(7.528691292951,19.4666));
#827 = ( GEOMETRIC_REPRESENTATION_CONTEXT(2) 
PARAMETRIC_REPRESENTATION_CONTEXT() REPRESENTATION_CONTEXT('2D SPACE',''
  ) );
#828 = PCURVE('',#631,#829);
#829 = DEFINITIONAL_REPRESENTATION('',(#830),#878);
#830 = B_SPLINE_CURVE_WITH_KNOTS('',3,(#831,#832,#833,#834,#835,#836,
    #837,#838,#839,#840,#841,#842,#843,#844,#845,#846,#847,#848,#849,
    #850,#851,#852,#853,#854,#855,#856,#857,#858,#859,#860,#861,#862,
    #863,#864,#865,#866,#867,#868,#869,#870,#871,#872,#873,#874,#875,
    #876,#877),.UNSPECIFIED.,.F.,.F.,(4,1,1,1,1,1,1,1,1,1,1,1,1,1,1,1,1,
    1,1,1,1,1,1,1,1,1,1,1,1,1,1,1,1,1,1,1,1,1,1,1,1,1,1,1,4),(0.,
    0.173422251856,0.346844503712,0.520266755567,0.693689007423,
    0.867111259279,1.040533511135,1.21395576299,1.387378014846,
    1.560800266702,1.734222518558,1.907644770413,2.081067022269,
    2.254489274125,2.427911525981,2.601333777836,2.774756029692,
    2.948178281548,3.121600533404,3.29502278526,3.468445037115,
    3.641867288971,3.815289540827,3.988711792683,4.162134044538,
    4.335556296394,4.50897854825,4.682400800106,4.855823051961,
    5.029245303817,5.202667555673,5.376089807529,5.549512059384,
    5.72293431124,5.896356563096,6.069778814952,6.243201066808,
    6.416623318663,6.590045570519,6.763467822375,6.936890074231,
    7.110312326086,7.283734577942,7.457156829798,7.630579081654),
  .QUASI_UNIFORM_KNOTS.);
#831 = CARTESIAN_POINT('',(6.28318530718,-19.65417795529));
#832 = CARTESIAN_POINT('',(6.273270247869,-19.61438430183));
#833 = CARTESIAN_POINT('',(6.253937013614,-19.53396558202));
#834 = CARTESIAN_POINT('',(6.226399616916,-19.4110409089));
#835 = CARTESIAN_POINT('',(6.200294881966,-19.28602296482));
#836 = CARTESIAN_POINT('',(6.175598596655,-19.15909520223));
#837 = CARTESIAN_POINT('',(6.152289049268,-19.0304247315));
#838 = CARTESIAN_POINT('',(6.130348850243,-18.90017074945));
#839 = CARTESIAN_POINT('',(6.109757369074,-18.7684397394));
#840 = CARTESIAN_POINT('',(6.090500889497,-18.63534333471));
#841 = CARTESIAN_POINT('',(6.072570084573,-18.50099197979));
#842 = CARTESIAN_POINT('',(6.055958109252,-18.36548536867));
#843 = CARTESIAN_POINT('',(6.040660691677,-18.22891589195));
#844 = CARTESIAN_POINT('',(6.0266756847,-18.09136790073));
#845 = CARTESIAN_POINT('',(6.014003014694,-17.95292078896));
#846 = CARTESIAN_POINT('',(6.00264377466,-17.81364107912));
#847 = CARTESIAN_POINT('',(5.992602346825,-17.67361254446));
#848 = CARTESIAN_POINT('',(5.983885050109,-17.53293870531));
#849 = CARTESIAN_POINT('',(5.976497453183,-17.39171387574));
#850 = CARTESIAN_POINT('',(5.970444791146,-17.25003063039));
#851 = CARTESIAN_POINT('',(5.965731653946,-17.10797862507));
#852 = CARTESIAN_POINT('',(5.962361911251,-16.96564434607));
#853 = CARTESIAN_POINT('',(5.96033861634,-16.8231157909));
#854 = CARTESIAN_POINT('',(5.959663958715,-16.68046649465));
#855 = CARTESIAN_POINT('',(5.960339250162,-16.53781724218));
#856 = CARTESIAN_POINT('',(5.962363177956,-16.39528875678));
#857 = CARTESIAN_POINT('',(5.965733552353,-16.25295459048));
#858 = CARTESIAN_POINT('',(5.970447319531,-16.1109027383));
#859 = CARTESIAN_POINT('',(5.976500609873,-15.96921968435));
#860 = CARTESIAN_POINT('',(5.983888831592,-15.82799510173));
#861 = CARTESIAN_POINT('',(5.992606755007,-15.68732150528));
#862 = CARTESIAN_POINT('',(6.002648790107,-15.54729343935));
#863 = CARTESIAN_POINT('',(6.014008696872,-15.40801357249));
#864 = CARTESIAN_POINT('',(6.026681728123,-15.26956967563));
#865 = CARTESIAN_POINT('',(6.040666792363,-15.13202717451));
#866 = CARTESIAN_POINT('',(6.055964078258,-14.99546390771));
#867 = CARTESIAN_POINT('',(6.072575847965,-14.85996311774));
#868 = CARTESIAN_POINT('',(6.09050655217,-14.72561603159));
#869 = CARTESIAN_POINT('',(6.109763054812,-14.59252245638));
#870 = CARTESIAN_POINT('',(6.130355275959,-14.46078961745));
#871 = CARTESIAN_POINT('',(6.152295276283,-14.33053990399));
#872 = CARTESIAN_POINT('',(6.175602432202,-14.20188463415));
#873 = CARTESIAN_POINT('',(6.200297967883,-14.07496178881));
#874 = CARTESIAN_POINT('',(6.226402124044,-13.94994756747));
#875 = CARTESIAN_POINT('',(6.25393887767,-13.82702652466));
#876 = CARTESIAN_POINT('',(6.273271051945,-13.74661240258));
#877 = CARTESIAN_POINT('',(6.28318530718,-13.70682204471));
#878 = ( GEOMETRIC_REPRESENTATION_CONTEXT(2) 
PARAMETRIC_REPRESENTATION_CONTEXT() REPRESENTATION_CONTEXT('2D SPACE',''
  ) );
#879 = ORIENTED_EDGE('',*,*,#880,.T.);
#880 = EDGE_CURVE('',#741,#592,#881,.T.);
#881 = SURFACE_CURVE('',#882,(#927,#975),.PCURVE_S1.);
#882 = B_SPLINE_CURVE_WITH_KNOTS('',7,(#883,#884,#885,#886,#887,#888,
    #889,#890,#891,#892,#893,#894,#895,#896,#897,#898,#899,#900,#901,
    #902,#903,#904,#905,#906,#907,#908,#909,#910,#911,#912,#913,#914,
    #915,#916,#917,#918,#919,#920,#921,#922,#923,#924,#925,#926),
  .UNSPECIFIED.,.F.,.F.,(8,6,6,6,6,6,6,8),(0.,0.144099322586,
    0.211483048032,0.33747834498,0.445829475919,0.49642122874,
    0.590537929873,1.),.UNSPECIFIED.);
#883 = CARTESIAN_POINT('',(10.02632204471,-19.4666,19.1392));
#884 = CARTESIAN_POINT('',(9.944568525394,-19.4666,19.21117971324));
#885 = CARTESIAN_POINT('',(9.864141155178,-19.46831059533,
    19.286090295016));
#886 = CARTESIAN_POINT('',(9.785242047368,-19.47198293671,
    19.363881025803));
#887 = CARTESIAN_POINT('',(9.708064957024,-19.47788067296,
    19.444486649223));
#888 = CARTESIAN_POINT('',(9.632795023273,-19.48628037237,
    19.527826696463));
#889 = CARTESIAN_POINT('',(9.559608511614,-19.49747194408,
    19.613804810701));
#890 = CARTESIAN_POINT('',(9.455501484677,-19.51844000026,
    19.743693966473));
#891 = CARTESIAN_POINT('',(9.42283102388,-19.52579611938,19.78562150103)
  );
#892 = CARTESIAN_POINT('',(9.390689747994,-19.5338555577,19.828063515739
    ));
#893 = CARTESIAN_POINT('',(9.35910394764,-19.54264566018,19.870991994731
    ));
#894 = CARTESIAN_POINT('',(9.328097629913,-19.5521929758,19.914378065722
    ));
#895 = CARTESIAN_POINT('',(9.297692518382,-19.56252325755,
    19.958192000009));
#896 = CARTESIAN_POINT('',(9.212216526336,-19.59448787745,
    20.085070129528));
#897 = CARTESIAN_POINT('',(9.158664558453,-19.61815006977,
    20.169171209292));
#898 = CARTESIAN_POINT('',(9.107465923261,-19.64478622259,
    20.254388697368));
#899 = CARTESIAN_POINT('',(9.058781711293,-19.67450094897,
    20.340392146578));
#900 = CARTESIAN_POINT('',(9.012723689956,-19.70736198404,
    20.426844121486));
#901 = CARTESIAN_POINT('',(8.969357663688,-19.7433968771,20.51340590293)
  );
#902 = CARTESIAN_POINT('',(8.893748677228,-19.81629399687,20.67398995573
    ));
#903 = CARTESIAN_POINT('',(8.860829202791,-19.85230415268,
    20.748005497771));
#904 = CARTESIAN_POINT('',(8.829960860551,-19.89059957888,
    20.821570106989));
#905 = CARTESIAN_POINT('',(8.801133406564,-19.93113285053,
    20.894463877372));
#906 = CARTESIAN_POINT('',(8.774316044436,-19.97382829507,
    20.966469892503));
#907 = CARTESIAN_POINT('',(8.749459566567,-20.01858059716,
    21.037377409477));
#908 = CARTESIAN_POINT('',(8.715777418203,-20.08704606105,
    21.139486523418));
#909 = CARTESIAN_POINT('',(8.705467434516,-20.10926202704,
    21.171711347757));
#910 = CARTESIAN_POINT('',(8.695560833292,-20.13189000004,
    21.203642439079));
#911 = CARTESIAN_POINT('',(8.686049260858,-20.15491846965,
    21.235264093316));
#912 = CARTESIAN_POINT('',(8.676923720901,-20.17833571649,
    21.266561979083));
#913 = CARTESIAN_POINT('',(8.668174574468,-20.20212981222,
    21.297523137682));
#914 = CARTESIAN_POINT('',(8.644196437829,-20.27123166115,
    21.385085581837));
#915 = CARTESIAN_POINT('',(8.629874150203,-20.31742117597,
    21.440809479118));
#916 = CARTESIAN_POINT('',(8.616752419029,-20.36479458436,
    21.495254851355));
#917 = CARTESIAN_POINT('',(8.604759466567,-20.41328432095,
    21.548372313384));
#918 = CARTESIAN_POINT('',(8.593824313936,-20.46281773925,
    21.600116255585));
#919 = CARTESIAN_POINT('',(8.583877099658,-20.51331701609,
    21.650445181016));
#920 = CARTESIAN_POINT('',(8.535573676875,-20.78824064033,
    21.911964651763));
#921 = CARTESIAN_POINT('',(8.513832501808,-21.027745792,22.096414552216)
  );
#922 = CARTESIAN_POINT('',(8.503262084987,-21.27916968497,
    22.252806405602));
#923 = CARTESIAN_POINT('',(8.499387823786,-21.53922956221,22.38180307488
    ));
#924 = CARTESIAN_POINT('',(8.498983510045,-21.80533017717,22.48420225701
    ));
#925 = CARTESIAN_POINT('',(8.499924919195,-22.0754239645,22.560733112547
    ));
#926 = CARTESIAN_POINT('',(8.50100772673,-22.34781553914,22.611889302114
    ));
#927 = PCURVE('',#158,#928);
#928 = DEFINITIONAL_REPRESENTATION('',(#929),#974);
#929 = B_SPLINE_CURVE_WITH_KNOTS('',7,(#930,#931,#932,#933,#934,#935,
    #936,#937,#938,#939,#940,#941,#942,#943,#944,#945,#946,#947,#948,
    #949,#950,#951,#952,#953,#954,#955,#956,#957,#958,#959,#960,#961,
    #962,#963,#964,#965,#966,#967,#968,#969,#970,#971,#972,#973),
  .UNSPECIFIED.,.F.,.F.,(8,6,6,6,6,6,6,8),(0.,0.144099322586,
    0.211483048032,0.33747834498,0.445829475919,0.49642122874,
    0.590537929873,1.),.UNSPECIFIED.);
#930 = CARTESIAN_POINT('',(6.084876872605,19.4666));
#931 = CARTESIAN_POINT('',(6.060671254403,19.4666));
#932 = CARTESIAN_POINT('',(6.036256425024,19.468310595337));
#933 = CARTESIAN_POINT('',(6.011650392778,19.471982936716));
#934 = CARTESIAN_POINT('',(5.986870075891,19.477880672963));
#935 = CARTESIAN_POINT('',(5.961931801862,19.486280372376));
#936 = CARTESIAN_POINT('',(5.936851806822,19.497471944081));
#937 = CARTESIAN_POINT('',(5.899860339107,19.518440000263));
#938 = CARTESIAN_POINT('',(5.888049615183,19.525796119386));
#939 = CARTESIAN_POINT('',(5.876220529513,19.533855557705));
#940 = CARTESIAN_POINT('',(5.864378880526,19.542645660186));
#941 = CARTESIAN_POINT('',(5.852530298679,19.552192975807));
#942 = CARTESIAN_POINT('',(5.840680246454,19.562523257557));
#943 = CARTESIAN_POINT('',(5.806683728864,19.594487877454));
#944 = CARTESIAN_POINT('',(5.784534799999,19.618150069777));
#945 = CARTESIAN_POINT('',(5.762454479959,19.644786222591));
#946 = CARTESIAN_POINT('',(5.740506050489,19.674500948975));
#947 = CARTESIAN_POINT('',(5.718749251979,19.707361984044));
#948 = CARTESIAN_POINT('',(5.697240708561,19.743396877108));
#949 = CARTESIAN_POINT('',(5.657797699607,19.816293996872));
#950 = CARTESIAN_POINT('',(5.639800535453,19.852304152688));
#951 = CARTESIAN_POINT('',(5.622078250295,19.890599578884));
#952 = CARTESIAN_POINT('',(5.604665415522,19.931132850539));
#953 = CARTESIAN_POINT('',(5.587595587037,19.973828295078));
#954 = CARTESIAN_POINT('',(5.570901107937,20.01858059716));
#955 = CARTESIAN_POINT('',(5.547007559793,20.087046061059));
#956 = CARTESIAN_POINT('',(5.539489210435,20.10926202704));
#957 = CARTESIAN_POINT('',(5.532060212326,20.131890000045));
#958 = CARTESIAN_POINT('',(5.524722654119,20.154918469655));
#959 = CARTESIAN_POINT('',(5.517478363901,20.178335716493));
#960 = CARTESIAN_POINT('',(5.510328909197,20.202129812228));
#961 = CARTESIAN_POINT('',(5.490154199857,20.271231661156));
#962 = CARTESIAN_POINT('',(5.477370214091,20.317421175979));
#963 = CARTESIAN_POINT('',(5.464927028915,20.36479458436));
#964 = CARTESIAN_POINT('',(5.452828182109,20.413284320956));
#965 = CARTESIAN_POINT('',(5.441077218462,20.462817739259));
#966 = CARTESIAN_POINT('',(5.429677548257,20.513317016093));
#967 = CARTESIAN_POINT('',(5.370579114264,20.788240640335));
#968 = CARTESIAN_POINT('',(5.329394395881,21.027745792009));
#969 = CARTESIAN_POINT('',(5.294611425123,21.279169684972));
#970 = CARTESIAN_POINT('',(5.265953437969,21.539229562214));
#971 = CARTESIAN_POINT('',(5.243202193807,21.805330177179));
#972 = CARTESIAN_POINT('',(5.226194808242,22.075423964508));
#973 = CARTESIAN_POINT('',(5.214824219795,22.347815539142));
#974 = ( GEOMETRIC_REPRESENTATION_CONTEXT(2) 
PARAMETRIC_REPRESENTATION_CONTEXT() REPRESENTATION_CONTEXT('2D SPACE',''
  ) );
#975 = PCURVE('',#631,#976);
#976 = DEFINITIONAL_REPRESENTATION('',(#977),#1022);
#977 = B_SPLINE_CURVE_WITH_KNOTS('',7,(#978,#979,#980,#981,#982,#983,
    #984,#985,#986,#987,#988,#989,#990,#991,#992,#993,#994,#995,#996,
    #997,#998,#999,#1000,#1001,#1002,#1003,#1004,#1005,#1006,#1007,#1008
    ,#1009,#1010,#1011,#1012,#1013,#1014,#1015,#1016,#1017,#1018,#1019,
    #1020,#1021),.UNSPECIFIED.,.F.,.F.,(8,6,6,6,6,6,6,8),(0.,
    0.144099322586,0.211483048032,0.33747834498,0.445829475919,
    0.49642122874,0.590537929873,1.),.UNSPECIFIED.);
#978 = CARTESIAN_POINT('',(8.881784197001E-16,-19.65417795529));
#979 = CARTESIAN_POINT('',(2.037123259197E-02,-19.7359314746));
#980 = CARTESIAN_POINT('',(4.157191998313E-02,-19.81635884482));
#981 = CARTESIAN_POINT('',(6.360159042889E-02,-19.89525795263));
#982 = CARTESIAN_POINT('',(8.646056600917E-02,-19.97243504297));
#983 = CARTESIAN_POINT('',(0.110150971093,-20.04770497672));
#984 = CARTESIAN_POINT('',(0.134677740802,-20.12089148838));
#985 = CARTESIAN_POINT('',(0.171914032097,-20.22499851532));
#986 = CARTESIAN_POINT('',(0.183960221322,-20.25766897612));
#987 = CARTESIAN_POINT('',(0.196184601209,-20.289810252));
#988 = CARTESIAN_POINT('',(0.208583683678,-20.32139605236));
#989 = CARTESIAN_POINT('',(0.221154088516,-20.35240237008));
#990 = CARTESIAN_POINT('',(0.233892543374,-20.38280748161));
#991 = CARTESIAN_POINT('',(0.270922780792,-20.46828347366));
#992 = CARTESIAN_POINT('',(0.295639372465,-20.52183544154));
#993 = CARTESIAN_POINT('',(0.320890792207,-20.57303407673));
#994 = CARTESIAN_POINT('',(0.346621764683,-20.6217182887));
#995 = CARTESIAN_POINT('',(0.372776640026,-20.66777631004));
#996 = CARTESIAN_POINT('',(0.399299428051,-20.71114233631));
#997 = CARTESIAN_POINT('',(0.449210392777,-20.78675132277));
#998 = CARTESIAN_POINT('',(0.472497132449,-20.8196707972));
#999 = CARTESIAN_POINT('',(0.495955029094,-20.85053913944));
#1000 = CARTESIAN_POINT('',(0.519543662656,-20.87936659343));
#1001 = CARTESIAN_POINT('',(0.5432208221,-20.90618395556));
#1002 = CARTESIAN_POINT('',(0.566942112094,-20.93104043343));
#1003 = CARTESIAN_POINT('',(0.601735274156,-20.96472258179));
#1004 = CARTESIAN_POINT('',(0.612811668045,-20.97503256548));
#1005 = CARTESIAN_POINT('',(0.623886183545,-20.9849391667));
#1006 = CARTESIAN_POINT('',(0.634955530713,-20.99445073914));
#1007 = CARTESIAN_POINT('',(0.646016687467,-21.00357627909));
#1008 = CARTESIAN_POINT('',(0.657066899587,-21.01232542553));
#1009 = CARTESIAN_POINT('',(0.688635592989,-21.03630356217));
#1010 = CARTESIAN_POINT('',(0.709113738338,-21.05062584979));
#1011 = CARTESIAN_POINT('',(0.729529541561,-21.06374758097));
#1012 = CARTESIAN_POINT('',(0.749873994752,-21.07574053343));
#1013 = CARTESIAN_POINT('',(0.770137532231,-21.08667568606));
#1014 = CARTESIAN_POINT('',(0.790309905476,-21.09662290034));
#1015 = CARTESIAN_POINT('',(0.897696826754,-21.14492632312));
#1016 = CARTESIAN_POINT('',(0.982787773434,-21.16666749819));
#1017 = CARTESIAN_POINT('',(1.065937188314,-21.17723791501));
#1018 = CARTESIAN_POINT('',(1.147438679127,-21.18111217621));
#1019 = CARTESIAN_POINT('',(1.227591996661,-21.18151648995));
#1020 = CARTESIAN_POINT('',(1.306716629188,-21.1805750808));
#1021 = CARTESIAN_POINT('',(1.385154851251,-21.17949227327));
#1022 = ( GEOMETRIC_REPRESENTATION_CONTEXT(2) 
PARAMETRIC_REPRESENTATION_CONTEXT() REPRESENTATION_CONTEXT('2D SPACE',''
  ) );
#1023 = ADVANCED_FACE('',(#1024),#232,.F.);
#1024 = FACE_BOUND('',#1025,.F.);
#1025 = EDGE_LOOP('',(#1026,#1027,#1028,#1029));
#1026 = ORIENTED_EDGE('',*,*,#216,.F.);
#1027 = ORIENTED_EDGE('',*,*,#384,.T.);
#1028 = ORIENTED_EDGE('',*,*,#466,.T.);
#1029 = ORIENTED_EDGE('',*,*,#1030,.F.);
#1030 = EDGE_CURVE('',#217,#467,#1031,.T.);
#1031 = SURFACE_CURVE('',#1032,(#1036,#1043),.PCURVE_S1.);
#1032 = LINE('',#1033,#1034);
#1033 = CARTESIAN_POINT('',(-29.44486372867,0.,-17.));
#1034 = VECTOR('',#1035,1.);
#1035 = DIRECTION('',(-0.,-1.,0.));
#1036 = PCURVE('',#232,#1037);
#1037 = DEFINITIONAL_REPRESENTATION('',(#1038),#1042);
#1038 = LINE('',#1039,#1040);
#1039 = CARTESIAN_POINT('',(48.083261120685,0.));
#1040 = VECTOR('',#1041,1.);
#1041 = DIRECTION('',(-0.,-1.));
#1042 = ( GEOMETRIC_REPRESENTATION_CONTEXT(2) 
PARAMETRIC_REPRESENTATION_CONTEXT() REPRESENTATION_CONTEXT('2D SPACE',''
  ) );
#1043 = PCURVE('',#260,#1044);
#1044 = DEFINITIONAL_REPRESENTATION('',(#1045),#1049);
#1045 = LINE('',#1046,#1047);
#1046 = CARTESIAN_POINT('',(0.,0.));
#1047 = VECTOR('',#1048,1.);
#1048 = DIRECTION('',(-0.,-1.));
#1049 = ( GEOMETRIC_REPRESENTATION_CONTEXT(2) 
PARAMETRIC_REPRESENTATION_CONTEXT() REPRESENTATION_CONTEXT('2D SPACE',''
  ) );
#1050 = ADVANCED_FACE('',(#1051),#260,.F.);
#1051 = FACE_BOUND('',#1052,.F.);
#1052 = EDGE_LOOP('',(#1053,#1054,#1055,#1076));
#1053 = ORIENTED_EDGE('',*,*,#1030,.T.);
#1054 = ORIENTED_EDGE('',*,*,#489,.T.);
#1055 = ORIENTED_EDGE('',*,*,#1056,.F.);
#1056 = EDGE_CURVE('',#245,#490,#1057,.T.);
#1057 = SURFACE_CURVE('',#1058,(#1062,#1069),.PCURVE_S1.);
#1058 = LINE('',#1059,#1060);
#1059 = CARTESIAN_POINT('',(17.,0.,-29.44486372867));
#1060 = VECTOR('',#1061,1.);
#1061 = DIRECTION('',(-0.,-1.,0.));
#1062 = PCURVE('',#260,#1063);
#1063 = DEFINITIONAL_REPRESENTATION('',(#1064),#1068);
#1064 = LINE('',#1065,#1066);
#1065 = CARTESIAN_POINT('',(48.083261120685,0.));
#1066 = VECTOR('',#1067,1.);
#1067 = DIRECTION('',(-0.,-1.));
#1068 = ( GEOMETRIC_REPRESENTATION_CONTEXT(2) 
PARAMETRIC_REPRESENTATION_CONTEXT() REPRESENTATION_CONTEXT('2D SPACE',''
  ) );
#1069 = PCURVE('',#288,#1070);
#1070 = DEFINITIONAL_REPRESENTATION('',(#1071),#1075);
#1071 = LINE('',#1072,#1073);
#1072 = CARTESIAN_POINT('',(0.,0.));
#1073 = VECTOR('',#1074,1.);
#1074 = DIRECTION('',(0.,-1.));
#1075 = ( GEOMETRIC_REPRESENTATION_CONTEXT(2) 
PARAMETRIC_REPRESENTATION_CONTEXT() REPRESENTATION_CONTEXT('2D SPACE',''
  ) );
#1076 = ORIENTED_EDGE('',*,*,#244,.F.);
#1077 = ADVANCED_FACE('',(#1078),#288,.F.);
#1078 = FACE_BOUND('',#1079,.F.);
#1079 = EDGE_LOOP('',(#1080,#1081,#1082,#1083,#1106,#1136));
#1080 = ORIENTED_EDGE('',*,*,#272,.F.);
#1081 = ORIENTED_EDGE('',*,*,#1056,.T.);
#1082 = ORIENTED_EDGE('',*,*,#512,.T.);
#1083 = ORIENTED_EDGE('',*,*,#1084,.F.);
#1084 = EDGE_CURVE('',#1085,#513,#1087,.T.);
#1085 = VERTEX_POINT('',#1086);
#1086 = CARTESIAN_POINT('',(29.444863728671,-25.81224801893,17.));
#1087 = SURFACE_CURVE('',#1088,(#1092,#1099),.PCURVE_S1.);
#1088 = LINE('',#1089,#1090);
#1089 = CARTESIAN_POINT('',(29.444863728671,0.,17.));
#1090 = VECTOR('',#1091,1.);
#1091 = DIRECTION('',(-0.,-1.,0.));
#1092 = PCURVE('',#288,#1093);
#1093 = DEFINITIONAL_REPRESENTATION('',(#1094),#1098);
#1094 = LINE('',#1095,#1096);
#1095 = CARTESIAN_POINT('',(48.083261120685,0.));
#1096 = VECTOR('',#1097,1.);
#1097 = DIRECTION('',(0.,-1.));
#1098 = ( GEOMETRIC_REPRESENTATION_CONTEXT(2) 
PARAMETRIC_REPRESENTATION_CONTEXT() REPRESENTATION_CONTEXT('2D SPACE',''
  ) );
#1099 = PCURVE('',#549,#1100);
#1100 = DEFINITIONAL_REPRESENTATION('',(#1101),#1105);
#1101 = LINE('',#1102,#1103);
#1102 = CARTESIAN_POINT('',(0.,0.));
#1103 = VECTOR('',#1104,1.);
#1104 = DIRECTION('',(0.,-1.));
#1105 = ( GEOMETRIC_REPRESENTATION_CONTEXT(2) 
PARAMETRIC_REPRESENTATION_CONTEXT() REPRESENTATION_CONTEXT('2D SPACE',''
  ) );
#1106 = ORIENTED_EDGE('',*,*,#1107,.F.);
#1107 = EDGE_CURVE('',#1108,#1085,#1110,.T.);
#1108 = VERTEX_POINT('',#1109);
#1109 = CARTESIAN_POINT('',(29.444863728671,-20.18775198106,17.));
#1110 = SURFACE_CURVE('',#1111,(#1116,#1123),.PCURVE_S1.);
#1111 = ELLIPSE('',#1112,3.658044855861,3.5334);
#1112 = AXIS2_PLACEMENT_3D('',#1113,#1114,#1115);
#1113 = CARTESIAN_POINT('',(30.01806064112,-23.,19.1392));
#1114 = DIRECTION('',(-0.965925826289,0.,0.258819045103));
#1115 = DIRECTION('',(0.258819045103,0.,0.965925826289));
#1116 = PCURVE('',#288,#1117);
#1117 = DEFINITIONAL_REPRESENTATION('',(#1118),#1122);
#1118 = ELLIPSE('',#1119,3.658044855861,3.5334);
#1119 = AXIS2_PLACEMENT_2D('',#1120,#1121);
#1120 = CARTESIAN_POINT('',(50.297923925818,-23.));
#1121 = DIRECTION('',(1.,0.));
#1122 = ( GEOMETRIC_REPRESENTATION_CONTEXT(2) 
PARAMETRIC_REPRESENTATION_CONTEXT() REPRESENTATION_CONTEXT('2D SPACE',''
  ) );
#1123 = PCURVE('',#631,#1124);
#1124 = DEFINITIONAL_REPRESENTATION('',(#1125),#1135);
#1125 = B_SPLINE_CURVE_WITH_KNOTS('',8,(#1126,#1127,#1128,#1129,#1130,
    #1131,#1132,#1133,#1134),.UNSPECIFIED.,.F.,.F.,(9,9),(1.93535602008,
    4.3478292871),.PIECEWISE_BEZIER_KNOTS.);
#1126 = CARTESIAN_POINT('',(5.918625613895,6.000000176698E-07));
#1127 = CARTESIAN_POINT('',(5.617066455517,-0.266743745076));
#1128 = CARTESIAN_POINT('',(5.315507297135,-0.498406010749));
#1129 = CARTESIAN_POINT('',(5.013948138763,-0.658020320096));
#1130 = CARTESIAN_POINT('',(4.712388980355,-0.715444445287));
#1131 = CARTESIAN_POINT('',(4.410829822016,-0.658020320096));
#1132 = CARTESIAN_POINT('',(4.109270663625,-0.49840601075));
#1133 = CARTESIAN_POINT('',(3.807711505252,-0.266743745076));
#1134 = CARTESIAN_POINT('',(3.506152346874,6.000000176698E-07));
#1135 = ( GEOMETRIC_REPRESENTATION_CONTEXT(2) 
PARAMETRIC_REPRESENTATION_CONTEXT() REPRESENTATION_CONTEXT('2D SPACE',''
  ) );
#1136 = ORIENTED_EDGE('',*,*,#1137,.F.);
#1137 = EDGE_CURVE('',#273,#1108,#1138,.T.);
#1138 = SURFACE_CURVE('',#1139,(#1143,#1150),.PCURVE_S1.);
#1139 = LINE('',#1140,#1141);
#1140 = CARTESIAN_POINT('',(29.444863728671,0.,17.));
#1141 = VECTOR('',#1142,1.);
#1142 = DIRECTION('',(-0.,-1.,0.));
#1143 = PCURVE('',#288,#1144);
#1144 = DEFINITIONAL_REPRESENTATION('',(#1145),#1149);
#1145 = LINE('',#1146,#1147);
#1146 = CARTESIAN_POINT('',(48.083261120685,0.));
#1147 = VECTOR('',#1148,1.);
#1148 = DIRECTION('',(0.,-1.));
#1149 = ( GEOMETRIC_REPRESENTATION_CONTEXT(2) 
PARAMETRIC_REPRESENTATION_CONTEXT() REPRESENTATION_CONTEXT('2D SPACE',''
  ) );
#1150 = PCURVE('',#314,#1151);
#1151 = DEFINITIONAL_REPRESENTATION('',(#1152),#1156);
#1152 = LINE('',#1153,#1154);
#1153 = CARTESIAN_POINT('',(0.,0.));
#1154 = VECTOR('',#1155,1.);
#1155 = DIRECTION('',(0.,-1.));
#1156 = ( GEOMETRIC_REPRESENTATION_CONTEXT(2) 
PARAMETRIC_REPRESENTATION_CONTEXT() REPRESENTATION_CONTEXT('2D SPACE',''
  ) );
#1157 = ADVANCED_FACE('',(#1158),#314,.F.);
#1158 = FACE_BOUND('',#1159,.F.);
#1159 = EDGE_LOOP('',(#1160,#1161,#1162,#1190,#1215));
#1160 = ORIENTED_EDGE('',*,*,#300,.F.);
#1161 = ORIENTED_EDGE('',*,*,#1137,.T.);
#1162 = ORIENTED_EDGE('',*,*,#1163,.F.);
#1163 = EDGE_CURVE('',#1164,#1108,#1166,.T.);
#1164 = VERTEX_POINT('',#1165);
#1165 = CARTESIAN_POINT('',(21.46126064112,-19.4666,19.1392));
#1166 = SURFACE_CURVE('',#1167,(#1172,#1179),.PCURVE_S1.);
#1167 = ELLIPSE('',#1168,13.652009258439,3.5334);
#1168 = AXIS2_PLACEMENT_3D('',#1169,#1170,#1171);
#1169 = CARTESIAN_POINT('',(21.46126064112,-23.,19.1392));
#1170 = DIRECTION('',(-0.258819045103,0.,-0.965925826289));
#1171 = DIRECTION('',(0.965925826289,0.,-0.258819045103));
#1172 = PCURVE('',#314,#1173);
#1173 = DEFINITIONAL_REPRESENTATION('',(#1174),#1178);
#1174 = ELLIPSE('',#1175,13.652009258439,3.5334);
#1175 = AXIS2_PLACEMENT_2D('',#1176,#1177);
#1176 = CARTESIAN_POINT('',(8.26523411039,-23.));
#1177 = DIRECTION('',(-1.,0.));
#1178 = ( GEOMETRIC_REPRESENTATION_CONTEXT(2) 
PARAMETRIC_REPRESENTATION_CONTEXT() REPRESENTATION_CONTEXT('2D SPACE',''
  ) );
#1179 = PCURVE('',#631,#1180);
#1180 = DEFINITIONAL_REPRESENTATION('',(#1181),#1189);
#1181 = B_SPLINE_CURVE_WITH_KNOTS('',6,(#1182,#1183,#1184,#1185,#1186,
    #1187,#1188),.UNSPECIFIED.,.F.,.F.,(7,7),(4.712388980385,
    5.385333983583),.PIECEWISE_BEZIER_KNOTS.);
#1182 = CARTESIAN_POINT('',(6.28318530718,-8.21923935888));
#1183 = CARTESIAN_POINT('',(6.171027806647,-6.740237654163));
#1184 = CARTESIAN_POINT('',(6.058870306114,-5.261236849019));
#1185 = CARTESIAN_POINT('',(5.946712805581,-3.815719005146));
#1186 = CARTESIAN_POINT('',(5.834555305047,-2.43719681024));
#1187 = CARTESIAN_POINT('',(5.722397804514,-1.156563149956));
#1188 = CARTESIAN_POINT('',(5.610240303981,5.999999963535E-07));
#1189 = ( GEOMETRIC_REPRESENTATION_CONTEXT(2) 
PARAMETRIC_REPRESENTATION_CONTEXT() REPRESENTATION_CONTEXT('2D SPACE',''
  ) );
#1190 = ORIENTED_EDGE('',*,*,#1191,.F.);
#1191 = EDGE_CURVE('',#678,#1164,#1192,.T.);
#1192 = SURFACE_CURVE('',#1193,(#1198,#1205),.PCURVE_S1.);
#1193 = ELLIPSE('',#1194,13.652009258439,3.5334);
#1194 = AXIS2_PLACEMENT_3D('',#1195,#1196,#1197);
#1195 = CARTESIAN_POINT('',(21.46126064112,-23.,19.1392));
#1196 = DIRECTION('',(-0.258819045103,0.,-0.965925826289));
#1197 = DIRECTION('',(0.965925826289,0.,-0.258819045103));
#1198 = PCURVE('',#314,#1199);
#1199 = DEFINITIONAL_REPRESENTATION('',(#1200),#1204);
#1200 = ELLIPSE('',#1201,13.652009258439,3.5334);
#1201 = AXIS2_PLACEMENT_2D('',#1202,#1203);
#1202 = CARTESIAN_POINT('',(8.26523411039,-23.));
#1203 = DIRECTION('',(-1.,0.));
#1204 = ( GEOMETRIC_REPRESENTATION_CONTEXT(2) 
PARAMETRIC_REPRESENTATION_CONTEXT() REPRESENTATION_CONTEXT('2D SPACE',''
  ) );
#1205 = PCURVE('',#724,#1206);
#1206 = DEFINITIONAL_REPRESENTATION('',(#1207),#1214);
#1207 = B_SPLINE_CURVE_WITH_KNOTS('',5,(#1208,#1209,#1210,#1211,#1212,
    #1213),.UNSPECIFIED.,.F.,.F.,(6,6),(4.259718442452,4.712388980385),
  .PIECEWISE_BEZIER_KNOTS.);
#1208 = CARTESIAN_POINT('',(0.452670537933,-13.98674477073));
#1209 = CARTESIAN_POINT('',(0.362136430346,-12.91312964062));
#1210 = CARTESIAN_POINT('',(0.27160232276,-11.78042421347));
#1211 = CARTESIAN_POINT('',(0.181068215173,-10.60695551378));
#1212 = CARTESIAN_POINT('',(9.053410758658E-02,-9.413097093043));
#1213 = CARTESIAN_POINT('',(0.,-8.21923935888));
#1214 = ( GEOMETRIC_REPRESENTATION_CONTEXT(2) 
PARAMETRIC_REPRESENTATION_CONTEXT() REPRESENTATION_CONTEXT('2D SPACE',''
  ) );
#1215 = ORIENTED_EDGE('',*,*,#677,.F.);
#1216 = ADVANCED_FACE('',(#1217),#345,.F.);
#1217 = FACE_BOUND('',#1218,.F.);
#1218 = EDGE_LOOP('',(#1219,#1220,#1241,#1242));
#1219 = ORIENTED_EDGE('',*,*,#563,.F.);
#1220 = ORIENTED_EDGE('',*,*,#1221,.F.);
#1221 = EDGE_CURVE('',#329,#564,#1222,.T.);
#1222 = SEAM_CURVE('',#1223,(#1227,#1234),.PCURVE_S1.);
#1223 = LINE('',#1224,#1225);
#1224 = CARTESIAN_POINT('',(10.75,0.,-18.61954618136));
#1225 = VECTOR('',#1226,1.);
#1226 = DIRECTION('',(0.,-1.,0.));
#1227 = PCURVE('',#345,#1228);
#1228 = DEFINITIONAL_REPRESENTATION('',(#1229),#1233);
#1229 = LINE('',#1230,#1231);
#1230 = CARTESIAN_POINT('',(6.28318530718,-0.));
#1231 = VECTOR('',#1232,1.);
#1232 = DIRECTION('',(0.,1.));
#1233 = ( GEOMETRIC_REPRESENTATION_CONTEXT(2) 
PARAMETRIC_REPRESENTATION_CONTEXT() REPRESENTATION_CONTEXT('2D SPACE',''
  ) );
#1234 = PCURVE('',#345,#1235);
#1235 = DEFINITIONAL_REPRESENTATION('',(#1236),#1240);
#1236 = LINE('',#1237,#1238);
#1237 = CARTESIAN_POINT('',(0.,-0.));
#1238 = VECTOR('',#1239,1.);
#1239 = DIRECTION('',(0.,1.));
#1240 = ( GEOMETRIC_REPRESENTATION_CONTEXT(2) 
PARAMETRIC_REPRESENTATION_CONTEXT() REPRESENTATION_CONTEXT('2D SPACE',''
  ) );
#1241 = ORIENTED_EDGE('',*,*,#328,.T.);
#1242 = ORIENTED_EDGE('',*,*,#1221,.T.);
#1243 = ADVANCED_FACE('',(#1244),#431,.F.);
#1244 = FACE_BOUND('',#1245,.F.);
#1245 = EDGE_LOOP('',(#1246,#1247,#1561,#1582));
#1246 = ORIENTED_EDGE('',*,*,#649,.F.);
#1247 = ORIENTED_EDGE('',*,*,#1248,.F.);
#1248 = EDGE_CURVE('',#1249,#615,#1251,.T.);
#1249 = VERTEX_POINT('',#1250);
#1250 = CARTESIAN_POINT('',(16.943856001941,-26.31960281546,
    20.349634924953));
#1251 = SURFACE_CURVE('',#1252,(#1327,#1444),.PCURVE_S1.);
#1252 = B_SPLINE_CURVE_WITH_KNOTS('',7,(#1253,#1254,#1255,#1256,#1257,
    #1258,#1259,#1260,#1261,#1262,#1263,#1264,#1265,#1266,#1267,#1268,
    #1269,#1270,#1271,#1272,#1273,#1274,#1275,#1276,#1277,#1278,#1279,
    #1280,#1281,#1282,#1283,#1284,#1285,#1286,#1287,#1288,#1289,#1290,
    #1291,#1292,#1293,#1294,#1295,#1296,#1297,#1298,#1299,#1300,#1301,
    #1302,#1303,#1304,#1305,#1306,#1307,#1308,#1309,#1310,#1311,#1312,
    #1313,#1314,#1315,#1316,#1317,#1318,#1319,#1320,#1321,#1322,#1323,
    #1324,#1325,#1326),.UNSPECIFIED.,.F.,.F.,(8,6,6,6,6,6,6,6,6,6,6,6,8)
  ,(0.,0.146635316534,0.47676792097,0.659631052932,0.842494184893,1.,
    1.188862693933,1.251396139581,1.286450774721,1.358216782447,
    1.467017073145,1.533297309461,1.818324241077),.UNSPECIFIED.);
#1253 = CARTESIAN_POINT('',(16.943856001941,-26.31960281546,
    20.349634924953));
#1254 = CARTESIAN_POINT('',(16.864538103413,-26.37223889496,
    20.205281127747));
#1255 = CARTESIAN_POINT('',(16.778295804851,-26.4158469748,
    20.062931146482));
#1256 = CARTESIAN_POINT('',(16.68542716735,-26.45101386022,
    19.923630696798));
#1257 = CARTESIAN_POINT('',(16.586418965278,-26.47843883682,
    19.78835784651));
#1258 = CARTESIAN_POINT('',(16.481963636483,-26.49892063704,
    19.658022335308));
#1259 = CARTESIAN_POINT('',(16.372984643161,-26.51333332548,
    19.533451910361));
#1260 = CARTESIAN_POINT('',(16.007807248263,-26.54343392749,
    19.14950806304));
#1261 = CARTESIAN_POINT('',(15.736618790957,-26.53826506558,
    18.915026915035));
#1262 = CARTESIAN_POINT('',(15.451854002873,-26.51767129025,
    18.711883208094));
#1263 = CARTESIAN_POINT('',(15.157063671605,-26.48894961399,
    18.538825921554));
#1264 = CARTESIAN_POINT('',(14.854690723968,-26.45770850094,
    18.394624152564));
#1265 = CARTESIAN_POINT('',(14.546460223449,-26.4281509848,
    18.278229813677));
#1266 = CARTESIAN_POINT('',(14.06030658304,-26.38946097067,
    18.13964995557));
#1267 = CARTESIAN_POINT('',(13.885526613248,-26.37709338813,
    18.098582303736));
#1268 = CARTESIAN_POINT('',(13.709590683623,-26.36666678299,
    18.065788831006));
#1269 = CARTESIAN_POINT('',(13.532798023269,-26.35857622681,
    18.041222649048));
#1270 = CARTESIAN_POINT('',(13.355426392035,-26.3530902581,
    18.02485112498));
#1271 = CARTESIAN_POINT('',(13.17774042884,-26.35034634438,
    18.016660498395));
#1272 = CARTESIAN_POINT('',(12.822259571161,-26.35034634438,
    18.016660498395));
#1273 = CARTESIAN_POINT('',(12.644573607966,-26.3530902581,
    18.02485112498));
#1274 = CARTESIAN_POINT('',(12.467201976731,-26.35857622681,
    18.041222649048));
#1275 = CARTESIAN_POINT('',(12.290409316377,-26.36666678299,
    18.065788831006));
#1276 = CARTESIAN_POINT('',(12.114473386752,-26.37709338813,
    18.098582303736));
#1277 = CARTESIAN_POINT('',(11.93969341696,-26.38946097067,
    18.13964995557));
#1278 = CARTESIAN_POINT('',(11.617134005723,-26.41513151418,
    18.23159668542));
#1279 = CARTESIAN_POINT('',(11.468957534418,-26.42806813288,
    18.280329339999));
#1280 = CARTESIAN_POINT('',(11.322005302658,-26.44173870191,
    18.335305166462));
#1281 = CARTESIAN_POINT('',(11.176433826453,-26.45575529739,
    18.396605940756));
#1282 = CARTESIAN_POINT('',(11.032426115051,-26.46966522015,
    18.464332904822));
#1283 = CARTESIAN_POINT('',(10.890197349545,-26.48294353343,
    18.538603203866));
#1284 = CARTESIAN_POINT('',(10.581891609213,-26.50940967216,
    18.71660360604));
#1285 = CARTESIAN_POINT('',(10.416457546379,-26.52207408587,
    18.823397090059));
#1286 = CARTESIAN_POINT('',(10.254300216509,-26.5318957165,
    18.940113918855));
#1287 = CARTESIAN_POINT('',(10.096110959237,-26.53760781482,
    19.066901783137));
#1288 = CARTESIAN_POINT('',(9.94267833979,-26.53774117455,
    19.203847626765));
#1289 = CARTESIAN_POINT('',(9.794885973931,-26.53058273322,
    19.350932229006));
#1290 = CARTESIAN_POINT('',(9.606952420151,-26.50864862078,
    19.559953426544));
#1291 = CARTESIAN_POINT('',(9.560952714444,-26.50217370608,
    19.613010424699));
#1292 = CARTESIAN_POINT('',(9.515764759922,-26.49461138508,
    19.667088438454));
#1293 = CARTESIAN_POINT('',(9.471447698652,-26.4858936087,
    19.722141603022));
#1294 = CARTESIAN_POINT('',(9.428055824595,-26.47595276356,
    19.778121266014));
#1295 = CARTESIAN_POINT('',(9.385638583611,-26.46472167199,
    19.834975987441));
#1296 = CARTESIAN_POINT('',(9.32103391778,-26.44507703942,
    19.924982965248));
#1297 = CARTESIAN_POINT('',(9.298151796709,-26.43759546848,
    19.957566373734));
#1298 = CARTESIAN_POINT('',(9.275604446128,-26.42967798306,
    19.990388693351));
#1299 = CARTESIAN_POINT('',(9.253401888382,-26.42131446123,
    20.023435540527));
#1300 = CARTESIAN_POINT('',(9.23155393228,-26.41249555535,
    20.056691219933));
#1301 = CARTESIAN_POINT('',(9.210070173098,-26.40321269203,
    20.090138724487));
#1302 = CARTESIAN_POINT('',(9.145741931034,-26.37348781366,
    20.192590739171));
#1303 = CARTESIAN_POINT('',(9.104073237299,-26.35153322304,
    20.262174637255));
#1304 = CARTESIAN_POINT('',(9.064053744871,-26.32753474757,
    20.332326061442));
#1305 = CARTESIAN_POINT('',(9.025759443326,-26.30145002247,20.4028550281
    ));
#1306 = CARTESIAN_POINT('',(8.989243807255,-26.27325512962,
    20.473569236843));
#1307 = CARTESIAN_POINT('',(8.954539125206,-26.24294585625,
    20.54427636926));
#1308 = CARTESIAN_POINT('',(8.871808397958,-26.16140872413,
    20.721682545565));
#1309 = CARTESIAN_POINT('',(8.826234841771,-26.10754101567,
    20.827942988305));
#1310 = CARTESIAN_POINT('',(8.784931191726,-26.04899948817,
    20.932961585029));
#1311 = CARTESIAN_POINT('',(8.747804822321,-25.98594673689,
    21.036138683167));
#1312 = CARTESIAN_POINT('',(8.714690612549,-25.91865450617,
    21.136893380543));
#1313 = CARTESIAN_POINT('',(8.685365107559,-25.84751390309,
    21.23467579753));
#1314 = CARTESIAN_POINT('',(8.643840836884,-25.72768014432,
    21.386428292111));
#1315 = CARTESIAN_POINT('',(8.62941629929,-25.68104664452,
    21.442628169231));
#1316 = CARTESIAN_POINT('',(8.616212733962,-25.63320931706,
    21.49752500191));
#1317 = CARTESIAN_POINT('',(8.604156336828,-25.58423748749,
    21.551068370422));
#1318 = CARTESIAN_POINT('',(8.593174163049,-25.53420570003,
    21.603211762234));
#1319 = CARTESIAN_POINT('',(8.583194456755,-25.48319381601,
    21.653912920303));
#1320 = CARTESIAN_POINT('',(8.535239842542,-25.20807112341,
    21.914801931836));
#1321 = CARTESIAN_POINT('',(8.513696899792,-24.96902490018,
    22.098421892534));
#1322 = CARTESIAN_POINT('',(8.503222366266,-24.71815441454,
    22.254133487918));
#1323 = CARTESIAN_POINT('',(8.499384622474,-24.45871699424,
    22.382591631545));
#1324 = CARTESIAN_POINT('',(8.498988279796,-24.19327804331,
    22.484600032081));
#1325 = CARTESIAN_POINT('',(8.499927785098,-23.92385508762,
    22.560868509341));
#1326 = CARTESIAN_POINT('',(8.50100772673,-23.65218446085,
    22.611889302114));
#1327 = PCURVE('',#431,#1328);
#1328 = DEFINITIONAL_REPRESENTATION('',(#1329),#1443);
#1329 = B_SPLINE_CURVE_WITH_KNOTS('',3,(#1330,#1331,#1332,#1333,#1334,
    #1335,#1336,#1337,#1338,#1339,#1340,#1341,#1342,#1343,#1344,#1345,
    #1346,#1347,#1348,#1349,#1350,#1351,#1352,#1353,#1354,#1355,#1356,
    #1357,#1358,#1359,#1360,#1361,#1362,#1363,#1364,#1365,#1366,#1367,
    #1368,#1369,#1370,#1371,#1372,#1373,#1374,#1375,#1376,#1377,#1378,
    #1379,#1380,#1381,#1382,#1383,#1384,#1385,#1386,#1387,#1388,#1389,
    #1390,#1391,#1392,#1393,#1394,#1395,#1396,#1397,#1398,#1399,#1400,
    #1401,#1402,#1403,#1404,#1405,#1406,#1407,#1408,#1409,#1410,#1411,
    #1412,#1413,#1414,#1415,#1416,#1417,#1418,#1419,#1420,#1421,#1422,
    #1423,#1424,#1425,#1426,#1427,#1428,#1429,#1430,#1431,#1432,#1433,
    #1434,#1435,#1436,#1437,#1438,#1439,#1440,#1441,#1442),
  .UNSPECIFIED.,.F.,.F.,(4,1,1,1,1,1,1,1,1,1,1,1,1,1,1,1,1,1,1,1,1,1,1,1
    ,1,1,1,1,1,1,1,1,1,1,1,1,1,1,1,1,1,1,1,1,1,1,1,1,1,1,1,1,1,1,1,1,1,1
    ,1,1,1,1,1,1,1,1,1,1,1,1,1,1,1,1,1,1,1,1,1,1,1,1,1,1,1,1,1,1,1,1,1,1
    ,1,1,1,1,1,1,1,1,1,1,1,1,1,1,1,1,1,1,4),(0.,1.653022037343E-02,
    3.306044074686E-02,4.959066112029E-02,6.612088149373E-02,
    8.265110186716E-02,9.918132224059E-02,0.115711542614,0.132241762987,
    0.148771983361,0.165302203734,0.181832424108,0.198362644481,
    0.214892864855,0.231423085228,0.247953305601,0.264483525975,
    0.281013746348,0.297543966722,0.314074187095,0.330604407469,
    0.347134627842,0.363664848215,0.380195068589,0.396725288962,
    0.413255509336,0.429785729709,0.446315950083,0.462846170456,
    0.47937639083,0.495906611203,0.512436831576,0.52896705195,
    0.545497272323,0.562027492697,0.57855771307,0.595087933444,
    0.611618153817,0.62814837419,0.644678594564,0.661208814937,
    0.677739035311,0.694269255684,0.710799476058,0.727329696431,
    0.743859916804,0.760390137178,0.776920357551,0.793450577925,
    0.809980798298,0.826511018672,0.843041239045,0.859571459418,
    0.876101679792,0.892631900165,0.909162120539,0.925692340912,
    0.942222561286,0.958752781659,0.975283002032,0.991813222406,
    1.008343442779,1.024873663153,1.041403883526,1.0579341039,
    1.074464324273,1.090994544646,1.10752476502,1.124054985393,
    1.140585205767,1.15711542614,1.173645646514,1.190175866887,
    1.206706087261,1.223236307634,1.239766528007,1.256296748381,
    1.272826968754,1.289357189128,1.305887409501,1.322417629875,
    1.338947850248,1.355478070621,1.372008290995,1.388538511368,
    1.405068731742,1.421598952115,1.438129172489,1.454659392862,
    1.471189613235,1.487719833609,1.504250053982,1.520780274356,
    1.537310494729,1.553840715103,1.570370935476,1.586901155849,
    1.603431376223,1.619961596596,1.63649181697,1.653022037343,
    1.669552257717,1.68608247809,1.702612698463,1.719142918837,
    1.73567313921,1.752203359584,1.768733579957,1.785263800331,
    1.801794020704,1.818324241077),.QUASI_UNIFORM_KNOTS.);
#1330 = CARTESIAN_POINT('',(7.875145170162,26.319602815467));
#1331 = CARTESIAN_POINT('',(7.865517486386,26.333449255871));
#1332 = CARTESIAN_POINT('',(7.846199544896,26.359531346158));
#1333 = CARTESIAN_POINT('',(7.817082379098,26.394022073772));
#1334 = CARTESIAN_POINT('',(7.787872095501,26.424074864961));
#1335 = CARTESIAN_POINT('',(7.758616993563,26.449903414359));
#1336 = CARTESIAN_POINT('',(7.729366842336,26.471732902498));
#1337 = CARTESIAN_POINT('',(7.700173061987,26.489800922628));
#1338 = CARTESIAN_POINT('',(7.671090647084,26.5043555161));
#1339 = CARTESIAN_POINT('',(7.642173312048,26.515655421602));
#1340 = CARTESIAN_POINT('',(7.613494082121,26.523963672723));
#1341 = CARTESIAN_POINT('',(7.585068400938,26.529565526386));
#1342 = CARTESIAN_POINT('',(7.556869146713,26.53273533322));
#1343 = CARTESIAN_POINT('',(7.528896742103,26.53372384964));
#1344 = CARTESIAN_POINT('',(7.501143428793,26.532768970876));
#1345 = CARTESIAN_POINT('',(7.473602950001,26.530094163016));
#1346 = CARTESIAN_POINT('',(7.446268050155,26.525910076196));
#1347 = CARTESIAN_POINT('',(7.41913122481,26.52041519662));
#1348 = CARTESIAN_POINT('',(7.392184587172,26.513796653447));
#1349 = CARTESIAN_POINT('',(7.365419960433,26.506230887637));
#1350 = CARTESIAN_POINT('',(7.33882890022,26.497884267345));
#1351 = CARTESIAN_POINT('',(7.312402727752,26.488913633307));
#1352 = CARTESIAN_POINT('',(7.286132553424,26.479466784799));
#1353 = CARTESIAN_POINT('',(7.260009297068,26.469682909364));
#1354 = CARTESIAN_POINT('',(7.234023705032,26.459692961879));
#1355 = CARTESIAN_POINT('',(7.2081663613,26.449619996378));
#1356 = CARTESIAN_POINT('',(7.182427706677,26.439579460403));
#1357 = CARTESIAN_POINT('',(7.156798014787,26.429679438271));
#1358 = CARTESIAN_POINT('',(7.131267516936,26.420020916878));
#1359 = CARTESIAN_POINT('',(7.105825958983,26.410697822115));
#1360 = CARTESIAN_POINT('',(7.080464264559,26.401797788931));
#1361 = CARTESIAN_POINT('',(7.055167954178,26.3933999587));
#1362 = CARTESIAN_POINT('',(7.029929749027,26.385579563071));
#1363 = CARTESIAN_POINT('',(7.004743994245,26.378405499555));
#1364 = CARTESIAN_POINT('',(6.979604511721,26.371939516242));
#1365 = CARTESIAN_POINT('',(6.95450517588,26.366236342743));
#1366 = CARTESIAN_POINT('',(6.929439764561,26.361343567552));
#1367 = CARTESIAN_POINT('',(6.904401986632,26.357301583479));
#1368 = CARTESIAN_POINT('',(6.879385526161,26.354143514421));
#1369 = CARTESIAN_POINT('',(6.854383840807,26.351895148673));
#1370 = CARTESIAN_POINT('',(6.829390922587,26.350574864759));
#1371 = CARTESIAN_POINT('',(6.804398449415,26.350193580642));
#1372 = CARTESIAN_POINT('',(6.779406631424,26.350754616392));
#1373 = CARTESIAN_POINT('',(6.754412481548,26.352253135495));
#1374 = CARTESIAN_POINT('',(6.729408490821,26.354676806638));
#1375 = CARTESIAN_POINT('',(6.704388449921,26.358005827161));
#1376 = CARTESIAN_POINT('',(6.679345886529,26.362213004241));
#1377 = CARTESIAN_POINT('',(6.654274481932,26.367263820877));
#1378 = CARTESIAN_POINT('',(6.629167961389,26.373116504901));
#1379 = CARTESIAN_POINT('',(6.604020115481,26.379722101124));
#1380 = CARTESIAN_POINT('',(6.578824827667,26.387024527894));
#1381 = CARTESIAN_POINT('',(6.553575948618,26.394960692864));
#1382 = CARTESIAN_POINT('',(6.528267778321,26.403460387535));
#1383 = CARTESIAN_POINT('',(6.50289326501,26.412447009323));
#1384 = CARTESIAN_POINT('',(6.477441453763,26.421838827364));
#1385 = CARTESIAN_POINT('',(6.45190257279,26.43154710645));
#1386 = CARTESIAN_POINT('',(6.426266570073,26.441476539912));
#1387 = CARTESIAN_POINT('',(6.400523490427,26.451524976792));
#1388 = CARTESIAN_POINT('',(6.374663374888,26.461583274134));
#1389 = CARTESIAN_POINT('',(6.348676221918,26.471535071933));
#1390 = CARTESIAN_POINT('',(6.322552169295,26.48125646975));
#1391 = CARTESIAN_POINT('',(6.296280720451,26.490615891432));
#1392 = CARTESIAN_POINT('',(6.269853560186,26.499473013198));
#1393 = CARTESIAN_POINT('',(6.243239071053,26.507685701651));
#1394 = CARTESIAN_POINT('',(6.216435431895,26.515091806888));
#1395 = CARTESIAN_POINT('',(6.189437417718,26.521520876962));
#1396 = CARTESIAN_POINT('',(6.162241153491,26.526792094187));
#1397 = CARTESIAN_POINT('',(6.134842874972,26.530714395573));
#1398 = CARTESIAN_POINT('',(6.107239317794,26.53308592778));
#1399 = CARTESIAN_POINT('',(6.079427627663,26.533693578004));
#1400 = CARTESIAN_POINT('',(6.051405608225,26.532312464763));
#1401 = CARTESIAN_POINT('',(6.023171156119,26.528705111328));
#1402 = CARTESIAN_POINT('',(5.994724676304,26.522621526781));
#1403 = CARTESIAN_POINT('',(5.966060462422,26.513795572101));
#1404 = CARTESIAN_POINT('',(5.937199768596,26.501955042446));
#1405 = CARTESIAN_POINT('',(5.908194487106,26.486838895279));
#1406 = CARTESIAN_POINT('',(5.879080399866,26.468184279796));
#1407 = CARTESIAN_POINT('',(5.84989058245,26.445726668023));
#1408 = CARTESIAN_POINT('',(5.820681693646,26.419224787109));
#1409 = CARTESIAN_POINT('',(5.791523052798,26.388469669194));
#1410 = CARTESIAN_POINT('',(5.762475242536,26.353265937087));
#1411 = CARTESIAN_POINT('',(5.733628409344,26.313484858797));
#1412 = CARTESIAN_POINT('',(5.70507272672,26.26904718252));
#1413 = CARTESIAN_POINT('',(5.67688935946,26.219909175745));
#1414 = CARTESIAN_POINT('',(5.64917432251,26.16610622954));
#1415 = CARTESIAN_POINT('',(5.622037004641,26.107775776825));
#1416 = CARTESIAN_POINT('',(5.595532647073,26.045007192096));
#1417 = CARTESIAN_POINT('',(5.569727785091,25.977960723285));
#1418 = CARTESIAN_POINT('',(5.544684592515,25.90684314447));
#1419 = CARTESIAN_POINT('',(5.520461692825,25.831905376974));
#1420 = CARTESIAN_POINT('',(5.497126042325,25.75348885423));
#1421 = CARTESIAN_POINT('',(5.474698014142,25.671835579499));
#1422 = CARTESIAN_POINT('',(5.453180055224,25.587136037879));
#1423 = CARTESIAN_POINT('',(5.432586939587,25.499641674736));
#1424 = CARTESIAN_POINT('',(5.41292577456,25.409588513921));
#1425 = CARTESIAN_POINT('',(5.394223638125,25.317332653129));
#1426 = CARTESIAN_POINT('',(5.376463916987,25.22304137665));
#1427 = CARTESIAN_POINT('',(5.359630250522,25.12686427361));
#1428 = CARTESIAN_POINT('',(5.343707981296,25.028946942015));
#1429 = CARTESIAN_POINT('',(5.328683558389,24.929427491073));
#1430 = CARTESIAN_POINT('',(5.314544521187,24.828437675462));
#1431 = CARTESIAN_POINT('',(5.301279355487,24.7261028117));
#1432 = CARTESIAN_POINT('',(5.288877407948,24.622542044603));
#1433 = CARTESIAN_POINT('',(5.277328805758,24.517868544136));
#1434 = CARTESIAN_POINT('',(5.266624392836,24.412189745814));
#1435 = CARTESIAN_POINT('',(5.256755677176,24.305607604021));
#1436 = CARTESIAN_POINT('',(5.247714788135,24.198218870046));
#1437 = CARTESIAN_POINT('',(5.239494444104,24.090115380572));
#1438 = CARTESIAN_POINT('',(5.232087921878,23.981384404271));
#1439 = CARTESIAN_POINT('',(5.225489055149,23.872108872485));
#1440 = CARTESIAN_POINT('',(5.21969215549,23.762368144787));
#1441 = CARTESIAN_POINT('',(5.216358885331,23.688947303354));
#1442 = CARTESIAN_POINT('',(5.214824219795,23.652184460858));
#1443 = ( GEOMETRIC_REPRESENTATION_CONTEXT(2) 
PARAMETRIC_REPRESENTATION_CONTEXT() REPRESENTATION_CONTEXT('2D SPACE',''
  ) );
#1444 = PCURVE('',#631,#1445);
#1445 = DEFINITIONAL_REPRESENTATION('',(#1446),#1560);
#1446 = B_SPLINE_CURVE_WITH_KNOTS('',3,(#1447,#1448,#1449,#1450,#1451,
    #1452,#1453,#1454,#1455,#1456,#1457,#1458,#1459,#1460,#1461,#1462,
    #1463,#1464,#1465,#1466,#1467,#1468,#1469,#1470,#1471,#1472,#1473,
    #1474,#1475,#1476,#1477,#1478,#1479,#1480,#1481,#1482,#1483,#1484,
    #1485,#1486,#1487,#1488,#1489,#1490,#1491,#1492,#1493,#1494,#1495,
    #1496,#1497,#1498,#1499,#1500,#1501,#1502,#1503,#1504,#1505,#1506,
    #1507,#1508,#1509,#1510,#1511,#1512,#1513,#1514,#1515,#1516,#1517,
    #1518,#1519,#1520,#1521,#1522,#1523,#1524,#1525,#1526,#1527,#1528,
    #1529,#1530,#1531,#1532,#1533,#1534,#1535,#1536,#1537,#1538,#1539,
    #1540,#1541,#1542,#1543,#1544,#1545,#1546,#1547,#1548,#1549,#1550,
    #1551,#1552,#1553,#1554,#1555,#1556,#1557,#1558,#1559),
  .UNSPECIFIED.,.F.,.F.,(4,1,1,1,1,1,1,1,1,1,1,1,1,1,1,1,1,1,1,1,1,1,1,1
    ,1,1,1,1,1,1,1,1,1,1,1,1,1,1,1,1,1,1,1,1,1,1,1,1,1,1,1,1,1,1,1,1,1,1
    ,1,1,1,1,1,1,1,1,1,1,1,1,1,1,1,1,1,1,1,1,1,1,1,1,1,1,1,1,1,1,1,1,1,1
    ,1,1,1,1,1,1,1,1,1,1,1,1,1,1,1,1,1,1,4),(0.,1.653022037343E-02,
    3.306044074686E-02,4.959066112029E-02,6.612088149373E-02,
    8.265110186716E-02,9.918132224059E-02,0.115711542614,0.132241762987,
    0.148771983361,0.165302203734,0.181832424108,0.198362644481,
    0.214892864855,0.231423085228,0.247953305601,0.264483525975,
    0.281013746348,0.297543966722,0.314074187095,0.330604407469,
    0.347134627842,0.363664848215,0.380195068589,0.396725288962,
    0.413255509336,0.429785729709,0.446315950083,0.462846170456,
    0.47937639083,0.495906611203,0.512436831576,0.52896705195,
    0.545497272323,0.562027492697,0.57855771307,0.595087933444,
    0.611618153817,0.62814837419,0.644678594564,0.661208814937,
    0.677739035311,0.694269255684,0.710799476058,0.727329696431,
    0.743859916804,0.760390137178,0.776920357551,0.793450577925,
    0.809980798298,0.826511018672,0.843041239045,0.859571459418,
    0.876101679792,0.892631900165,0.909162120539,0.925692340912,
    0.942222561286,0.958752781659,0.975283002032,0.991813222406,
    1.008343442779,1.024873663153,1.041403883526,1.0579341039,
    1.074464324273,1.090994544646,1.10752476502,1.124054985393,
    1.140585205767,1.15711542614,1.173645646514,1.190175866887,
    1.206706087261,1.223236307634,1.239766528007,1.256296748381,
    1.272826968754,1.289357189128,1.305887409501,1.322417629875,
    1.338947850248,1.355478070621,1.372008290995,1.388538511368,
    1.405068731742,1.421598952115,1.438129172489,1.454659392862,
    1.471189613235,1.487719833609,1.504250053982,1.520780274356,
    1.537310494729,1.553840715103,1.570370935476,1.586901155849,
    1.603431376223,1.619961596596,1.63649181697,1.653022037343,
    1.669552257717,1.68608247809,1.702612698463,1.719142918837,
    1.73567313921,1.752203359584,1.768733579957,1.785263800331,
    1.801794020704,1.818324241077),.QUASI_UNIFORM_KNOTS.);
#1447 = CARTESIAN_POINT('',(2.791942171871,-12.73664399805));
#1448 = CARTESIAN_POINT('',(2.803380281037,-12.75750532322));
#1449 = CARTESIAN_POINT('',(2.826006452577,-12.80046831161));
#1450 = CARTESIAN_POINT('',(2.859167105628,-12.86850204468));
#1451 = CARTESIAN_POINT('',(2.891521276573,-12.94000389128));
#1452 = CARTESIAN_POINT('',(2.923039036432,-13.01481552107));
#1453 = CARTESIAN_POINT('',(2.953689025757,-13.0927526872));
#1454 = CARTESIAN_POINT('',(2.983438695291,-13.17360196826));
#1455 = CARTESIAN_POINT('',(3.012253161657,-13.25711603079));
#1456 = CARTESIAN_POINT('',(3.040100373502,-13.34302882257));
#1457 = CARTESIAN_POINT('',(3.066932838155,-13.43099200036));
#1458 = CARTESIAN_POINT('',(3.092759595724,-13.52081396181));
#1459 = CARTESIAN_POINT('',(3.117624666909,-13.61244224636));
#1460 = CARTESIAN_POINT('',(3.14154335796,-13.70574342888));
#1461 = CARTESIAN_POINT('',(3.164535814422,-13.80061357197));
#1462 = CARTESIAN_POINT('',(3.186618290942,-13.89694847362));
#1463 = CARTESIAN_POINT('',(3.207805715745,-13.99465145928));
#1464 = CARTESIAN_POINT('',(3.228111199602,-14.09363109304));
#1465 = CARTESIAN_POINT('',(3.247546339765,-14.19380157134));
#1466 = CARTESIAN_POINT('',(3.266121291661,-14.29508238176));
#1467 = CARTESIAN_POINT('',(3.283844887344,-14.39739814478));
#1468 = CARTESIAN_POINT('',(3.30072472896,-14.50067839514));
#1469 = CARTESIAN_POINT('',(3.316767278769,-14.60485736993));
#1470 = CARTESIAN_POINT('',(3.331977941741,-14.70987378902));
#1471 = CARTESIAN_POINT('',(3.346361142637,-14.81567062988));
#1472 = CARTESIAN_POINT('',(3.359920398888,-14.92219491363));
#1473 = CARTESIAN_POINT('',(3.372658384726,-15.02939744447));
#1474 = CARTESIAN_POINT('',(3.384577004092,-15.13723272794));
#1475 = CARTESIAN_POINT('',(3.395677405529,-15.24565823531));
#1476 = CARTESIAN_POINT('',(3.40596018607,-15.35463613076));
#1477 = CARTESIAN_POINT('',(3.415424858758,-15.46412583812));
#1478 = CARTESIAN_POINT('',(3.424072165949,-15.57411242862));
#1479 = CARTESIAN_POINT('',(3.43189958688,-15.68455177985));
#1480 = CARTESIAN_POINT('',(3.438904096041,-15.7953938872));
#1481 = CARTESIAN_POINT('',(3.445082921595,-15.90659212848));
#1482 = CARTESIAN_POINT('',(3.450433416166,-16.01810062484));
#1483 = CARTESIAN_POINT('',(3.454953155793,-16.1298747705));
#1484 = CARTESIAN_POINT('',(3.45863996775,-16.24187099106));
#1485 = CARTESIAN_POINT('',(3.461491967997,-16.3540464185));
#1486 = CARTESIAN_POINT('',(3.463507583704,-16.46635967106));
#1487 = CARTESIAN_POINT('',(3.464685577371,-16.57876729669));
#1488 = CARTESIAN_POINT('',(3.465025029887,-16.69123645745));
#1489 = CARTESIAN_POINT('',(3.464525435952,-16.80369596487));
#1490 = CARTESIAN_POINT('',(3.463187468834,-16.91608901876));
#1491 = CARTESIAN_POINT('',(3.461012084887,-17.02837909524));
#1492 = CARTESIAN_POINT('',(3.458000592913,-17.14052359473));
#1493 = CARTESIAN_POINT('',(3.454154625047,-17.25248074129));
#1494 = CARTESIAN_POINT('',(3.44947612298,-17.36420757554));
#1495 = CARTESIAN_POINT('',(3.443967310554,-17.47566032147));
#1496 = CARTESIAN_POINT('',(3.437630656127,-17.58679416459));
#1497 = CARTESIAN_POINT('',(3.430468841252,-17.69756301046));
#1498 = CARTESIAN_POINT('',(3.422484666938,-17.80791991053));
#1499 = CARTESIAN_POINT('',(3.413681156636,-17.91781483822));
#1500 = CARTESIAN_POINT('',(3.404060887008,-18.02720241855));
#1501 = CARTESIAN_POINT('',(3.39362456744,-18.13605240503));
#1502 = CARTESIAN_POINT('',(3.382372670469,-18.24432727184));
#1503 = CARTESIAN_POINT('',(3.370304886102,-18.3519883697));
#1504 = CARTESIAN_POINT('',(3.357420174956,-18.45899404709));
#1505 = CARTESIAN_POINT('',(3.343716665844,-18.56529986563));
#1506 = CARTESIAN_POINT('',(3.329191538475,-18.67085849619));
#1507 = CARTESIAN_POINT('',(3.313841075985,-18.77561882079));
#1508 = CARTESIAN_POINT('',(3.29765999974,-18.87952855291));
#1509 = CARTESIAN_POINT('',(3.280643443235,-18.98252360134));
#1510 = CARTESIAN_POINT('',(3.262769234307,-19.08462453129));
#1511 = CARTESIAN_POINT('',(3.244032480073,-19.1857302251));
#1512 = CARTESIAN_POINT('',(3.224425398506,-19.28575006531));
#1513 = CARTESIAN_POINT('',(3.203939948989,-19.38458482974));
#1514 = CARTESIAN_POINT('',(3.182566972669,-19.48213176759));
#1515 = CARTESIAN_POINT('',(3.160296275286,-19.57828318348));
#1516 = CARTESIAN_POINT('',(3.137116396692,-19.67292695122));
#1517 = CARTESIAN_POINT('',(3.113014635137,-19.76594594285));
#1518 = CARTESIAN_POINT('',(3.087976284784,-19.85722000916));
#1519 = CARTESIAN_POINT('',(3.061986657188,-19.94661898138));
#1520 = CARTESIAN_POINT('',(3.035022615809,-20.03402917889));
#1521 = CARTESIAN_POINT('',(3.007083537125,-20.11925365174));
#1522 = CARTESIAN_POINT('',(2.978198948741,-20.20201811007));
#1523 = CARTESIAN_POINT('',(2.948383638489,-20.28211291299));
#1524 = CARTESIAN_POINT('',(2.917648863526,-20.35935005132));
#1525 = CARTESIAN_POINT('',(2.88603041118,-20.43349780004));
#1526 = CARTESIAN_POINT('',(2.853579920528,-20.50432234234));
#1527 = CARTESIAN_POINT('',(2.820341133249,-20.57164247801));
#1528 = CARTESIAN_POINT('',(2.786394180861,-20.63524408408));
#1529 = CARTESIAN_POINT('',(2.751824698258,-20.69495945231));
#1530 = CARTESIAN_POINT('',(2.716712236818,-20.75068329179));
#1531 = CARTESIAN_POINT('',(2.68115997397,-20.80232413994));
#1532 = CARTESIAN_POINT('',(2.645297367326,-20.84981760595));
#1533 = CARTESIAN_POINT('',(2.60919006473,-20.89323737321));
#1534 = CARTESIAN_POINT('',(2.572922581225,-20.93266543914));
#1535 = CARTESIAN_POINT('',(2.536579720389,-20.96822034715));
#1536 = CARTESIAN_POINT('',(2.500247432919,-21.00004972908));
#1537 = CARTESIAN_POINT('',(2.464033234609,-21.02831456908));
#1538 = CARTESIAN_POINT('',(2.427980781945,-21.05324867522));
#1539 = CARTESIAN_POINT('',(2.392105518587,-21.07510312751));
#1540 = CARTESIAN_POINT('',(2.356444339533,-21.09411246276));
#1541 = CARTESIAN_POINT('',(2.321023226127,-21.110514285));
#1542 = CARTESIAN_POINT('',(2.285909572925,-21.12452660538));
#1543 = CARTESIAN_POINT('',(2.251094396968,-21.13639452399));
#1544 = CARTESIAN_POINT('',(2.216565294819,-21.14634649374));
#1545 = CARTESIAN_POINT('',(2.182310672374,-21.15459540082));
#1546 = CARTESIAN_POINT('',(2.148318603518,-21.16133931929));
#1547 = CARTESIAN_POINT('',(2.114577127789,-21.16676225799));
#1548 = CARTESIAN_POINT('',(2.081074162472,-21.17103482159));
#1549 = CARTESIAN_POINT('',(2.047797518371,-21.17431481423));
#1550 = CARTESIAN_POINT('',(2.014734888574,-21.17674778498));
#1551 = CARTESIAN_POINT('',(1.981873845737,-21.17846752348));
#1552 = CARTESIAN_POINT('',(1.949201838863,-21.17959650817));
#1553 = CARTESIAN_POINT('',(1.916706192637,-21.18024632273));
#1554 = CARTESIAN_POINT('',(1.884374108767,-21.18051801087));
#1555 = CARTESIAN_POINT('',(1.852192670975,-21.18050250713));
#1556 = CARTESIAN_POINT('',(1.820148850099,-21.18028065751));
#1557 = CARTESIAN_POINT('',(1.788229524048,-21.1799246714));
#1558 = CARTESIAN_POINT('',(1.76702414743,-21.1796376633));
#1559 = CARTESIAN_POINT('',(1.756437802339,-21.17949227327));
#1560 = ( GEOMETRIC_REPRESENTATION_CONTEXT(2) 
PARAMETRIC_REPRESENTATION_CONTEXT() REPRESENTATION_CONTEXT('2D SPACE',''
  ) );
#1561 = ORIENTED_EDGE('',*,*,#1562,.T.);
#1562 = EDGE_CURVE('',#1249,#409,#1563,.T.);
#1563 = SURFACE_CURVE('',#1564,(#1568,#1575),.PCURVE_S1.);
#1564 = LINE('',#1565,#1566);
#1565 = CARTESIAN_POINT('',(16.943856001941,0.,20.349634924953));
#1566 = VECTOR('',#1567,1.);
#1567 = DIRECTION('',(0.,-1.,-0.));
#1568 = PCURVE('',#431,#1569);
#1569 = DEFINITIONAL_REPRESENTATION('',(#1570),#1574);
#1570 = LINE('',#1571,#1572);
#1571 = CARTESIAN_POINT('',(7.875145170162,0.));
#1572 = VECTOR('',#1573,1.);
#1573 = DIRECTION('',(0.,1.));
#1574 = ( GEOMETRIC_REPRESENTATION_CONTEXT(2) 
PARAMETRIC_REPRESENTATION_CONTEXT() REPRESENTATION_CONTEXT('2D SPACE',''
  ) );
#1575 = PCURVE('',#549,#1576);
#1576 = DEFINITIONAL_REPRESENTATION('',(#1577),#1581);
#1577 = LINE('',#1578,#1579);
#1578 = CARTESIAN_POINT('',(12.941995530606,0.));
#1579 = VECTOR('',#1580,1.);
#1580 = DIRECTION('',(0.,-1.));
#1581 = ( GEOMETRIC_REPRESENTATION_CONTEXT(2) 
PARAMETRIC_REPRESENTATION_CONTEXT() REPRESENTATION_CONTEXT('2D SPACE',''
  ) );
#1582 = ORIENTED_EDGE('',*,*,#408,.T.);
#1583 = ADVANCED_FACE('',(#1584),#549,.F.);
#1584 = FACE_BOUND('',#1585,.F.);
#1585 = EDGE_LOOP('',(#1586,#1613,#1614,#1615));
#1586 = ORIENTED_EDGE('',*,*,#1587,.F.);
#1587 = EDGE_CURVE('',#1085,#1249,#1588,.T.);
#1588 = SURFACE_CURVE('',#1589,(#1594,#1601),.PCURVE_S1.);
#1589 = ELLIPSE('',#1590,13.652009258439,3.5334);
#1590 = AXIS2_PLACEMENT_3D('',#1591,#1592,#1593);
#1591 = CARTESIAN_POINT('',(21.46126064112,-23.,19.1392));
#1592 = DIRECTION('',(-0.258819045103,0.,-0.965925826289));
#1593 = DIRECTION('',(0.965925826289,0.,-0.258819045103));
#1594 = PCURVE('',#549,#1595);
#1595 = DEFINITIONAL_REPRESENTATION('',(#1596),#1600);
#1596 = ELLIPSE('',#1597,13.652009258439,3.5334);
#1597 = AXIS2_PLACEMENT_2D('',#1598,#1599);
#1598 = CARTESIAN_POINT('',(8.26523411039,-23.));
#1599 = DIRECTION('',(-1.,0.));
#1600 = ( GEOMETRIC_REPRESENTATION_CONTEXT(2) 
PARAMETRIC_REPRESENTATION_CONTEXT() REPRESENTATION_CONTEXT('2D SPACE',''
  ) );
#1601 = PCURVE('',#631,#1602);
#1602 = DEFINITIONAL_REPRESENTATION('',(#1603),#1612);
#1603 = B_SPLINE_CURVE_WITH_KNOTS('',7,(#1604,#1605,#1606,#1607,#1608,
    #1609,#1610,#1611),.UNSPECIFIED.,.F.,.F.,(8,8),(0.897851323597,
    2.023466864728),.PIECEWISE_BEZIER_KNOTS.);
#1604 = CARTESIAN_POINT('',(3.814537656788,5.999999963535E-07));
#1605 = CARTESIAN_POINT('',(3.653735436626,-1.658185592341));
#1606 = CARTESIAN_POINT('',(3.492933216465,-3.564321075453));
#1607 = CARTESIAN_POINT('',(3.332130996305,-5.648372815438));
#1608 = CARTESIAN_POINT('',(3.171328776141,-7.82460962659));
#1609 = CARTESIAN_POINT('',(3.01052655598,-9.998952454606));
#1610 = CARTESIAN_POINT('',(2.849724335818,-12.07984248691));
#1611 = CARTESIAN_POINT('',(2.688922115657,-13.98674477073));
#1612 = ( GEOMETRIC_REPRESENTATION_CONTEXT(2) 
PARAMETRIC_REPRESENTATION_CONTEXT() REPRESENTATION_CONTEXT('2D SPACE',''
  ) );
#1613 = ORIENTED_EDGE('',*,*,#1084,.T.);
#1614 = ORIENTED_EDGE('',*,*,#535,.T.);
#1615 = ORIENTED_EDGE('',*,*,#1562,.F.);
#1616 = ADVANCED_FACE('',(#1617),#631,.F.);
#1617 = FACE_BOUND('',#1618,.F.);
#1618 = EDGE_LOOP('',(#1619,#1640,#1641,#1642,#1643,#1644,#1645,#1646,
    #1669,#1696,#1697));
#1619 = ORIENTED_EDGE('',*,*,#1620,.F.);
#1620 = EDGE_CURVE('',#1164,#701,#1621,.T.);
#1621 = SURFACE_CURVE('',#1622,(#1626,#1633),.PCURVE_S1.);
#1622 = LINE('',#1623,#1624);
#1623 = CARTESIAN_POINT('',(29.6805,-19.4666,19.1392));
#1624 = VECTOR('',#1625,1.);
#1625 = DIRECTION('',(-1.,-0.,-0.));
#1626 = PCURVE('',#631,#1627);
#1627 = DEFINITIONAL_REPRESENTATION('',(#1628),#1632);
#1628 = LINE('',#1629,#1630);
#1629 = CARTESIAN_POINT('',(6.28318530718,0.));
#1630 = VECTOR('',#1631,1.);
#1631 = DIRECTION('',(0.,-1.));
#1632 = ( GEOMETRIC_REPRESENTATION_CONTEXT(2) 
PARAMETRIC_REPRESENTATION_CONTEXT() REPRESENTATION_CONTEXT('2D SPACE',''
  ) );
#1633 = PCURVE('',#724,#1634);
#1634 = DEFINITIONAL_REPRESENTATION('',(#1635),#1639);
#1635 = LINE('',#1636,#1637);
#1636 = CARTESIAN_POINT('',(0.,0.));
#1637 = VECTOR('',#1638,1.);
#1638 = DIRECTION('',(0.,-1.));
#1639 = ( GEOMETRIC_REPRESENTATION_CONTEXT(2) 
PARAMETRIC_REPRESENTATION_CONTEXT() REPRESENTATION_CONTEXT('2D SPACE',''
  ) );
#1640 = ORIENTED_EDGE('',*,*,#1163,.T.);
#1641 = ORIENTED_EDGE('',*,*,#1107,.T.);
#1642 = ORIENTED_EDGE('',*,*,#1587,.T.);
#1643 = ORIENTED_EDGE('',*,*,#1248,.T.);
#1644 = ORIENTED_EDGE('',*,*,#614,.T.);
#1645 = ORIENTED_EDGE('',*,*,#880,.F.);
#1646 = ORIENTED_EDGE('',*,*,#1647,.T.);
#1647 = EDGE_CURVE('',#741,#1648,#1650,.T.);
#1648 = VERTEX_POINT('',#1649);
#1649 = CARTESIAN_POINT('',(2.709,-19.4666,19.1392));
#1650 = SEAM_CURVE('',#1651,(#1655,#1662),.PCURVE_S1.);
#1651 = LINE('',#1652,#1653);
#1652 = CARTESIAN_POINT('',(29.6805,-19.4666,19.1392));
#1653 = VECTOR('',#1654,1.);
#1654 = DIRECTION('',(-1.,-0.,-0.));
#1655 = PCURVE('',#631,#1656);
#1656 = DEFINITIONAL_REPRESENTATION('',(#1657),#1661);
#1657 = LINE('',#1658,#1659);
#1658 = CARTESIAN_POINT('',(0.,0.));
#1659 = VECTOR('',#1660,1.);
#1660 = DIRECTION('',(0.,-1.));
#1661 = ( GEOMETRIC_REPRESENTATION_CONTEXT(2) 
PARAMETRIC_REPRESENTATION_CONTEXT() REPRESENTATION_CONTEXT('2D SPACE',''
  ) );
#1662 = PCURVE('',#631,#1663);
#1663 = DEFINITIONAL_REPRESENTATION('',(#1664),#1668);
#1664 = LINE('',#1665,#1666);
#1665 = CARTESIAN_POINT('',(6.28318530718,0.));
#1666 = VECTOR('',#1667,1.);
#1667 = DIRECTION('',(0.,-1.));
#1668 = ( GEOMETRIC_REPRESENTATION_CONTEXT(2) 
PARAMETRIC_REPRESENTATION_CONTEXT() REPRESENTATION_CONTEXT('2D SPACE',''
  ) );
#1669 = ORIENTED_EDGE('',*,*,#1670,.T.);
#1670 = EDGE_CURVE('',#1648,#1648,#1671,.T.);
#1671 = SURFACE_CURVE('',#1672,(#1677,#1684),.PCURVE_S1.);
#1672 = CIRCLE('',#1673,3.5334);
#1673 = AXIS2_PLACEMENT_3D('',#1674,#1675,#1676);
#1674 = CARTESIAN_POINT('',(2.709,-23.,19.1392));
#1675 = DIRECTION('',(1.,0.,0.));
#1676 = DIRECTION('',(0.,1.,0.));
#1677 = PCURVE('',#631,#1678);
#1678 = DEFINITIONAL_REPRESENTATION('',(#1679),#1683);
#1679 = LINE('',#1680,#1681);
#1680 = CARTESIAN_POINT('',(0.,-26.9715));
#1681 = VECTOR('',#1682,1.);
#1682 = DIRECTION('',(1.,0.));
#1683 = ( GEOMETRIC_REPRESENTATION_CONTEXT(2) 
PARAMETRIC_REPRESENTATION_CONTEXT() REPRESENTATION_CONTEXT('2D SPACE',''
  ) );
#1684 = PCURVE('',#1685,#1690);
#1685 = PLANE('',#1686);
#1686 = AXIS2_PLACEMENT_3D('',#1687,#1688,#1689);
#1687 = CARTESIAN_POINT('',(2.709,-23.,19.1392));
#1688 = DIRECTION('',(1.,0.,0.));
#1689 = DIRECTION('',(-0.,0.,1.));
#1690 = DEFINITIONAL_REPRESENTATION('',(#1691),#1695);
#1691 = CIRCLE('',#1692,3.5334);
#1692 = AXIS2_PLACEMENT_2D('',#1693,#1694);
#1693 = CARTESIAN_POINT('',(0.,-3.552713678801E-15));
#1694 = DIRECTION('',(0.,-1.));
#1695 = ( GEOMETRIC_REPRESENTATION_CONTEXT(2) 
PARAMETRIC_REPRESENTATION_CONTEXT() REPRESENTATION_CONTEXT('2D SPACE',''
  ) );
#1696 = ORIENTED_EDGE('',*,*,#1647,.F.);
#1697 = ORIENTED_EDGE('',*,*,#740,.T.);
#1698 = ADVANCED_FACE('',(#1699),#724,.F.);
#1699 = FACE_BOUND('',#1700,.F.);
#1700 = EDGE_LOOP('',(#1701,#1702,#1703));
#1701 = ORIENTED_EDGE('',*,*,#1191,.T.);
#1702 = ORIENTED_EDGE('',*,*,#1620,.T.);
#1703 = ORIENTED_EDGE('',*,*,#700,.T.);
#1704 = ADVANCED_FACE('',(#1705),#1685,.T.);
#1705 = FACE_BOUND('',#1706,.T.);
#1706 = EDGE_LOOP('',(#1707));
#1707 = ORIENTED_EDGE('',*,*,#1670,.T.);
#1708 = ( GEOMETRIC_REPRESENTATION_CONTEXT(3) 
GLOBAL_UNCERTAINTY_ASSIGNED_CONTEXT((#1712)) 
GLOBAL_UNIT_ASSIGNED_CONTEXT((#1709,#1710,#1711)) REPRESENTATION_CONTEXT
('Context #1','3D Context with UNIT and UNCERTAINTY') );
#1709 = ( LENGTH_UNIT() NAMED_UNIT(*) SI_UNIT(.MILLI.,.METRE.) );
#1710 = ( NAMED_UNIT(*) PLANE_ANGLE_UNIT() SI_UNIT($,.RADIAN.) );
#1711 = ( NAMED_UNIT(*) SI_UNIT($,.STERADIAN.) SOLID_ANGLE_UNIT() );
#1712 = UNCERTAINTY_MEASURE_WITH_UNIT(LENGTH_MEASURE(1.E-07),#1709,
  'distance_accuracy_value','confusion accuracy');
#1713 = PRODUCT_RELATED_PRODUCT_CATEGORY('part',$,(#7));
ENDSEC;
END-ISO-10303-21;
